Sample_Source_Name,Sample_Source_Code,Year,I2M2,Chemical,Concentration,TU
LA SENSÉE À ETAING (62),1000274,2016,0.243,100-00-5,0.03,3.70869616087488e-05
LA SENSÉE À ETAING (62),1000274,2016,0.243,1007-28-9,0.005,5.61009227150982e-07
LA SENSÉE À ETAING (62),1000274,2016,0.243,1014-69-3,0.005,7.34970663256923e-06
LA SENSÉE À ETAING (62),1000274,2016,0.243,1024-57-3,0.005,0.030893705649272
LA SENSÉE À ETAING (62),1000274,2016,0.243,10265-92-6,0.02,3.23914206191008e-05
LA SENSÉE À ETAING (62),1000274,2016,0.243,102851-06-9,0.005,0.119720908643169
LA SENSÉE À ETAING (62),1000274,2016,0.243,103055-07-8,0.03,7.85635780964267e-05
LA SENSÉE À ETAING (62),1000274,2016,0.243,103361-09-7,0.005,0.00336101154555783
LA SENSÉE À ETAING (62),1000274,2016,0.243,104040-78-0,0.02,2.56053074953061e-05
LA SENSÉE À ETAING (62),1000274,2016,0.243,104206-82-8,0.02,4.60182390370352e-06
LA SENSÉE À ETAING (62),1000274,2016,0.243,105512-06-9,0.02,5.65236235962032e-06
LA SENSÉE À ETAING (62),1000274,2016,0.243,10605-21-7,0.02,5.93102829156524e-05
LA SENSÉE À ETAING (62),1000274,2016,0.243,1085-98-9,0.005,9.68656962290978e-05
LA SENSÉE À ETAING (62),1000274,2016,0.243,1113-02-6,0.02,1.27417768723505e-05
LA SENSÉE À ETAING (62),1000274,2016,0.243,111991-09-4,0.01,2.43332433835825e-07
LA SENSÉE À ETAING (62),1000274,2016,0.243,112281-77-3,0.005,2.20632763311226e-05
LA SENSÉE À ETAING (62),1000274,2016,0.243,112410-23-8,0.02,0.000150601742109518
LA SENSÉE À ETAING (62),1000274,2016,0.243,114311-32-9,0.02,0.000915440233410173
LA SENSÉE À ETAING (62),1000274,2016,0.243,114369-43-6,0.005,4.45728089937297e-05
LA SENSÉE À ETAING (62),1000274,2016,0.243,115-29-7,0.0015,0.000388679163203199
LA SENSÉE À ETAING (62),1000274,2016,0.243,115-32-2,0.005,0.000112841799774861
LA SENSÉE À ETAING (62),1000274,2016,0.243,116-06-3,0.01,0.000115133047415582
LA SENSÉE À ETAING (62),1000274,2016,0.243,118-74-1,0.003,3.74991354173511e-05
LA SENSÉE À ETAING (62),1000274,2016,0.243,118134-30-8,0.01,0.000522757172167163
LA SENSÉE À ETAING (62),1000274,2016,0.243,1194-65-6,0.007,7.47477354777369e-06
LA SENSÉE À ETAING (62),1000274,2016,0.243,119446-68-3,0.005,0.00237941395494408
LA SENSÉE À ETAING (62),1000274,2016,0.243,120-36-5,0.02,2.45883844941876e-05
LA SENSÉE À ETAING (62),1000274,2016,0.243,120928-09-8,0.03,0.00455849260622068
LA SENSÉE À ETAING (62),1000274,2016,0.243,121-73-3,0.01,3.01995172040202e-05
LA SENSÉE À ETAING (62),1000274,2016,0.243,121-75-5,0.003,6.54366796825056e-05
LA SENSÉE À ETAING (62),1000274,2016,0.243,121552-61-2,0.005,4.75521332078696e-05
LA SENSÉE À ETAING (62),1000274,2016,0.243,122-14-5,0.003,3.98768876494705e-05
LA SENSÉE À ETAING (62),1000274,2016,0.243,122-39-4,0.03,0.000248668774881932
LA SENSÉE À ETAING (62),1000274,2016,0.243,122931-48-0,0.02,0.00195627540864597
LA SENSÉE À ETAING (62),1000274,2016,0.243,123312-89-0,0.02,3.16905659865741e-06
LA SENSÉE À ETAING (62),1000274,2016,0.243,124-40-3,10,0.00215278173472437
LA SENSÉE À ETAING (62),1000274,2016,0.243,124495-18-7,0.005,7.57477966020172e-05
LA SENSÉE À ETAING (62),1000274,2016,0.243,125116-23-6,0.005,1.94254015187264e-05
LA SENSÉE À ETAING (62),1000274,2016,0.243,126-73-8,0.005,1.3670046892528e-06
LA SENSÉE À ETAING (62),1000274,2016,0.243,126535-15-7,0.02,0.000972590438373568
LA SENSÉE À ETAING (62),1000274,2016,0.243,126833-17-8,0.005,5.80456935063091e-06
LA SENSÉE À ETAING (62),1000274,2016,0.243,128639-02-1,0.005,0.000102016402453986
LA SENSÉE À ETAING (62),1000274,2016,0.243,131341-86-1,0.02,0.000450329083348924
LA SENSÉE À ETAING (62),1000274,2016,0.243,131860-33-8,0.02,0.000264624466622674
LA SENSÉE À ETAING (62),1000274,2016,0.243,13194-48-4,0.005,6.61561166556685e-05
LA SENSÉE À ETAING (62),1000274,2016,0.243,133855-98-8,0.005,9.23357761993353e-05
LA SENSÉE À ETAING (62),1000274,2016,0.243,135590-91-9,0.005,7.26724838959157e-06
LA SENSÉE À ETAING (62),1000274,2016,0.243,13684-56-5,0.02,0.00013128950039034
LA SENSÉE À ETAING (62),1000274,2016,0.243,13684-63-4,0.02,2.37099149250909e-05
LA SENSÉE À ETAING (62),1000274,2016,0.243,138261-41-3,0.02,9.29672523718602e-05
LA SENSÉE À ETAING (62),1000274,2016,0.243,141112-29-0,0.02,0.00391137986405785
LA SENSÉE À ETAING (62),1000274,2016,0.243,141517-21-7,0.02,0.00164637967384279
LA SENSÉE À ETAING (62),1000274,2016,0.243,141776-32-1,0.02,7.42215458985852e-06
LA SENSÉE À ETAING (62),1000274,2016,0.243,1420-07-1,0.02,0.00193388210921824
LA SENSÉE À ETAING (62),1000274,2016,0.243,142459-58-3,0.02,0.000213221009729356
LA SENSÉE À ETAING (62),1000274,2016,0.243,143390-89-0,0.005,0.000268577733374332
LA SENSÉE À ETAING (62),1000274,2016,0.243,144550-06-1,0.02,1.63768358380102e-05
LA SENSÉE À ETAING (62),1000274,2016,0.243,145701-23-1,0.03,1.58935625234659e-06
LA SENSÉE À ETAING (62),1000274,2016,0.243,148-79-8,0.02,0.000140161906329359
LA SENSÉE À ETAING (62),1000274,2016,0.243,15299-99-7,0.005,3.21195908412193e-06
LA SENSÉE À ETAING (62),1000274,2016,0.243,15302-91-7,0.03,1.61109538911076e-07
LA SENSÉE À ETAING (62),1000274,2016,0.243,153719-23-4,0.03,3.72838931532274e-06
LA SENSÉE À ETAING (62),1000274,2016,0.243,15545-48-9,0.02,1.9730132220462e-05
LA SENSÉE À ETAING (62),1000274,2016,0.243,1563-66-2,0.02,0.00056810681050796
LA SENSÉE À ETAING (62),1000274,2016,0.243,158062-67-0,0.005,1.82965835987674e-07
LA SENSÉE À ETAING (62),1000274,2016,0.243,1582-09-8,0.005,0.000241974724650831
LA SENSÉE À ETAING (62),1000274,2016,0.243,15972-60-8,0.005,1.53451099419558e-05
LA SENSÉE À ETAING (62),1000274,2016,0.243,16118-49-3,0.02,1.1138584289716e-06
LA SENSÉE À ETAING (62),1000274,2016,0.243,161326-34-7,0.02,0.000221070093876569
LA SENSÉE À ETAING (62),1000274,2016,0.243,16752-77-5,0.02,0.000369513232753205
LA SENSÉE À ETAING (62),1000274,2016,0.243,1689-83-4,0.01,1.57072443536465e-05
LA SENSÉE À ETAING (62),1000274,2016,0.243,1689-84-5,0.02,6.73488207275424e-05
LA SENSÉE À ETAING (62),1000274,2016,0.243,1689-99-2,0.01,0.000270146907295725
LA SENSÉE À ETAING (62),1000274,2016,0.243,1702-17-6,0.02,2.975294748159e-06
LA SENSÉE À ETAING (62),1000274,2016,0.243,1746-81-2,0.01,3.09385531545165e-05
LA SENSÉE À ETAING (62),1000274,2016,0.243,175013-18-0,0.02,0.00135123223016831
LA SENSÉE À ETAING (62),1000274,2016,0.243,1861-40-1,0.005,0.00032898038486467
LA SENSÉE À ETAING (62),1000274,2016,0.243,18691-97-9,0.01,5.98136079781274e-05
LA SENSÉE À ETAING (62),1000274,2016,0.243,188425-85-6,0.02,5.52369888415058e-05
LA SENSÉE À ETAING (62),1000274,2016,0.243,1897-45-6,0.01,0.00124709632663939
LA SENSÉE À ETAING (62),1000274,2016,0.243,1918-00-9,0.05,1.84106874115447e-05
LA SENSÉE À ETAING (62),1000274,2016,0.243,1918-16-7,0.01,0.000219937862509677
LA SENSÉE À ETAING (62),1000274,2016,0.243,19666-30-9,0.005,0.000307871866278533
LA SENSÉE À ETAING (62),1000274,2016,0.243,2032-65-7,0.02,0.000872830664652546
LA SENSÉE À ETAING (62),1000274,2016,0.243,208465-21-8,0.02,2.57768589832044e-06
LA SENSÉE À ETAING (62),1000274,2016,0.243,2104-96-3,0.005,0.00295440482787391
LA SENSÉE À ETAING (62),1000274,2016,0.243,2163-68-0,0.02,2e-07
LA SENSÉE À ETAING (62),1000274,2016,0.243,21725-46-2,0.01,0.000916220490122
LA SENSÉE À ETAING (62),1000274,2016,0.243,219714-96-2,0.02,5.17761788363631e-05
LA SENSÉE À ETAING (62),1000274,2016,0.243,22248-79-9,0.005,0.000155585816855301
LA SENSÉE À ETAING (62),1000274,2016,0.243,2310-17-0,0.005,0.000145669961128508
LA SENSÉE À ETAING (62),1000274,2016,0.243,23103-98-2,0.02,2.92570137399971e-05
LA SENSÉE À ETAING (62),1000274,2016,0.243,2312-35-8,0.005,1.47832528254147e-05
LA SENSÉE À ETAING (62),1000274,2016,0.243,23135-22-0,0.02,7.74158694486514e-05
LA SENSÉE À ETAING (62),1000274,2016,0.243,2327-02-8,0.01,1.99526231496888e-07
LA SENSÉE À ETAING (62),1000274,2016,0.243,23564-05-8,0.02,1.97801689004213e-05
LA SENSÉE À ETAING (62),1000274,2016,0.243,24017-47-8,0.005,0.000110552865622532
LA SENSÉE À ETAING (62),1000274,2016,0.243,24934-91-6,0.005,0.000104850378927232
LA SENSÉE À ETAING (62),1000274,2016,0.243,26259-45-0,0.005,1.76876446411216e-06
LA SENSÉE À ETAING (62),1000274,2016,0.243,2642-71-9,0.005,0.00243652013312617
LA SENSÉE À ETAING (62),1000274,2016,0.243,27314-13-2,0.005,3.87052613537061e-05
LA SENSÉE À ETAING (62),1000274,2016,0.243,2764-72-9,0.02,6.34205487789578e-05
LA SENSÉE À ETAING (62),1000274,2016,0.243,2921-88-2,0.005,0.00220581966588457
LA SENSÉE À ETAING (62),1000274,2016,0.243,29232-93-7,0.005,8.36507818199323e-05
LA SENSÉE À ETAING (62),1000274,2016,0.243,298-00-0,0.005,4.40118885295672e-05
LA SENSÉE À ETAING (62),1000274,2016,0.243,298-04-4,0.005,0.000191853622746139
LA SENSÉE À ETAING (62),1000274,2016,0.243,299-84-3,0.005,0.000201729775094915
LA SENSÉE À ETAING (62),1000274,2016,0.243,301-12-2,0.02,0.000109226997501145
LA SENSÉE À ETAING (62),1000274,2016,0.243,30560-19-1,0.02,7.07017226723994e-07
LA SENSÉE À ETAING (62),1000274,2016,0.243,309-00-2,0.003,0.000570980471272905
LA SENSÉE À ETAING (62),1000274,2016,0.243,314-40-9,0.005,1.00108281079452e-06
LA SENSÉE À ETAING (62),1000274,2016,0.243,319-84-6,0.005,3.65232994760206e-05
LA SENSÉE À ETAING (62),1000274,2016,0.243,319-85-7,0.005,5.86232652291148e-05
LA SENSÉE À ETAING (62),1000274,2016,0.243,319-86-8,0.005,3.21269875018651e-05
LA SENSÉE À ETAING (62),1000274,2016,0.243,3209-22-1,0.03,8.73617358458909e-05
LA SENSÉE À ETAING (62),1000274,2016,0.243,32809-16-8,0.005,5.0207662706044e-06
LA SENSÉE À ETAING (62),1000274,2016,0.243,330-54-1,0.02,0.00107678747596873
LA SENSÉE À ETAING (62),1000274,2016,0.243,330-55-2,0.02,0.000810457033603782
LA SENSÉE À ETAING (62),1000274,2016,0.243,33213-65-9,0.0015,0.000705653108588964
LA SENSÉE À ETAING (62),1000274,2016,0.243,333-41-5,0.005,0.000791170352034526
LA SENSÉE À ETAING (62),1000274,2016,0.243,3337-71-1,0.02,6.42288277428254e-07
LA SENSÉE À ETAING (62),1000274,2016,0.243,33629-47-9,0.005,0.0016717448898619
LA SENSÉE À ETAING (62),1000274,2016,0.243,33693-04-8,0.005,2.63311607446949e-06
LA SENSÉE À ETAING (62),1000274,2016,0.243,3397-62-4,0.02,2e-07
LA SENSÉE À ETAING (62),1000274,2016,0.243,34123-59-6,0.02,0.00182192290453183
LA SENSÉE À ETAING (62),1000274,2016,0.243,34256-82-1,0.005,3.03228490755068e-05
LA SENSÉE À ETAING (62),1000274,2016,0.243,35065-27-1,3e-04,0.000230739132085983
LA SENSÉE À ETAING (62),1000274,2016,0.243,35256-85-0,0.005,3.88123558314346e-06
LA SENSÉE À ETAING (62),1000274,2016,0.243,35554-44-0,0.02,1.24002372841745e-05
LA SENSÉE À ETAING (62),1000274,2016,0.243,35693-99-3,3e-04,9.93393364447773e-06
LA SENSÉE À ETAING (62),1000274,2016,0.243,361377-29-9,0.03,0.000225071888372239
LA SENSÉE À ETAING (62),1000274,2016,0.243,3691-35-8,0.03,0.000469592611014346
LA SENSÉE À ETAING (62),1000274,2016,0.243,37680-73-2,3e-04,0.000108747994038287
LA SENSÉE À ETAING (62),1000274,2016,0.243,39148-24-8,0.02,1.03569050720005e-05
LA SENSÉE À ETAING (62),1000274,2016,0.243,42576-02-3,0.005,2.15908631311864e-05
LA SENSÉE À ETAING (62),1000274,2016,0.243,465-73-6,0.003,0.000353281792056242
LA SENSÉE À ETAING (62),1000274,2016,0.243,4685-14-7,0.02,2.74808395002503e-05
LA SENSÉE À ETAING (62),1000274,2016,0.243,470-90-6,0.005,0.000375379027059969
LA SENSÉE À ETAING (62),1000274,2016,0.243,4824-78-6,0.005,0.000163218733771473
LA SENSÉE À ETAING (62),1000274,2016,0.243,50-29-3,0.003,0.00120232327584129
LA SENSÉE À ETAING (62),1000274,2016,0.243,50471-44-8,0.005,6.50234493805822e-06
LA SENSÉE À ETAING (62),1000274,2016,0.243,50563-36-5,0.005,1.16056643033199e-05
LA SENSÉE À ETAING (62),1000274,2016,0.243,5103-71-9,0.005,0.000158113883008419
LA SENSÉE À ETAING (62),1000274,2016,0.243,5103-74-2,0.005,5.87448777469765e-05
LA SENSÉE À ETAING (62),1000274,2016,0.243,51235-04-2,0.005,1.63972117216067e-05
LA SENSÉE À ETAING (62),1000274,2016,0.243,51338-27-3,0.005,0.000136794930886116
LA SENSÉE À ETAING (62),1000274,2016,0.243,52-68-6,0.02,0.000277798563499371
LA SENSÉE À ETAING (62),1000274,2016,0.243,52315-07-8,0.005,0.00498046628299039
LA SENSÉE À ETAING (62),1000274,2016,0.243,52918-63-5,0.005,0.0187529676455557
LA SENSÉE À ETAING (62),1000274,2016,0.243,53112-28-0,0.005,6.31495128034968e-06
LA SENSÉE À ETAING (62),1000274,2016,0.243,55-38-9,0.005,0.000141634810014045
LA SENSÉE À ETAING (62),1000274,2016,0.243,55335-06-3,0.02,9.75730758394955e-06
LA SENSÉE À ETAING (62),1000274,2016,0.243,554-00-7,0.02,0.000154642903665508
LA SENSÉE À ETAING (62),1000274,2016,0.243,555-37-3,0.02,0.000228207543263946
LA SENSÉE À ETAING (62),1000274,2016,0.243,5598-13-0,0.005,0.00190708479833469
LA SENSÉE À ETAING (62),1000274,2016,0.243,56-38-2,0.01,0.019819833417975
LA SENSÉE À ETAING (62),1000274,2016,0.243,56-72-4,0.005,0.000262403730124886
LA SENSÉE À ETAING (62),1000274,2016,0.243,563-12-2,0.005,0.000106996606622797
LA SENSÉE À ETAING (62),1000274,2016,0.243,57-74-9,0.01,0.001206424088197
LA SENSÉE À ETAING (62),1000274,2016,0.243,57837-19-1,0.02,2.82767827818913e-06
LA SENSÉE À ETAING (62),1000274,2016,0.243,57966-95-7,0.02,2.48902922354277e-05
LA SENSÉE À ETAING (62),1000274,2016,0.243,60-51-5,0.01,3.80539725002709e-06
LA SENSÉE À ETAING (62),1000274,2016,0.243,60-57-1,0.003,0.00126975886827595
LA SENSÉE À ETAING (62),1000274,2016,0.243,60168-88-9,0.005,0.00041847546858558
LA SENSÉE À ETAING (62),1000274,2016,0.243,608-93-5,0.001,9.41455940194726e-06
LA SENSÉE À ETAING (62),1000274,2016,0.243,615-65-6,0.02,5.50845740667634e-07
LA SENSÉE À ETAING (62),1000274,2016,0.243,62-73-7,3e-04,5.63405723703423e-06
LA SENSÉE À ETAING (62),1000274,2016,0.243,63-25-2,0.02,0.000394666255907301
LA SENSÉE À ETAING (62),1000274,2016,0.243,64902-72-3,0.02,6.51523365932126e-05
LA SENSÉE À ETAING (62),1000274,2016,0.243,66230-04-4,0.005,0.0136606072193924
LA SENSÉE À ETAING (62),1000274,2016,0.243,67-48-1,0.02,1.64448529989414e-07
LA SENSÉE À ETAING (62),1000274,2016,0.243,67306-00-7,0.01,0.00144277962312948
LA SENSÉE À ETAING (62),1000274,2016,0.243,67375-30-8,0.005,0.0236848154087316
LA SENSÉE À ETAING (62),1000274,2016,0.243,67564-91-4,0.005,2.61920809513895e-05
LA SENSÉE À ETAING (62),1000274,2016,0.243,67747-09-5,0.01,9.94031163465777e-05
LA SENSÉE À ETAING (62),1000274,2016,0.243,68085-85-8,0.03,0.379857980253283
LA SENSÉE À ETAING (62),1000274,2016,0.243,68359-37-5,0.005,0.171660354213048
LA SENSÉE À ETAING (62),1000274,2016,0.243,69377-81-7,0.02,5.08077538463336e-06
LA SENSÉE À ETAING (62),1000274,2016,0.243,7003-89-6,0.03,2.26893082171832e-06
LA SENSÉE À ETAING (62),1000274,2016,0.243,7012-37-5,3e-04,1.89287203344058e-06
LA SENSÉE À ETAING (62),1000274,2016,0.243,709-98-8,0.005,6.87970798031694e-06
LA SENSÉE À ETAING (62),1000274,2016,0.243,71626-11-4,0.005,1.11961834125618e-05
LA SENSÉE À ETAING (62),1000274,2016,0.243,72-20-8,0.003,0.010028160004136
LA SENSÉE À ETAING (62),1000274,2016,0.243,72-54-8,0.005,0.00255546539518695
LA SENSÉE À ETAING (62),1000274,2016,0.243,72-55-9,0.005,0.000596719189605398
LA SENSÉE À ETAING (62),1000274,2016,0.243,7287-19-6,0.005,4.6171076913573e-05
LA SENSÉE À ETAING (62),1000274,2016,0.243,731-27-1,0.005,0.000197546802394715
LA SENSÉE À ETAING (62),1000274,2016,0.243,732-11-6,0.02,0.015740915793902
LA SENSÉE À ETAING (62),1000274,2016,0.243,74223-64-6,0.02,0.000599970636238159
LA SENSÉE À ETAING (62),1000274,2016,0.243,7439-95-4,7.3,0.000175316527555656
LA SENSÉE À ETAING (62),1000274,2016,0.243,7440-09-7,4.4,4.4e-05
LA SENSÉE À ETAING (62),1000274,2016,0.243,76-44-8,0.005,0.00205953892433869
LA SENSÉE À ETAING (62),1000274,2016,0.243,77182-82-2,0.03,3.14066239664728e-06
LA SENSÉE À ETAING (62),1000274,2016,0.243,77732-09-3,0.012,4.43793815736319e-07
LA SENSÉE À ETAING (62),1000274,2016,0.243,7786-34-7,0.005,0.00104874524398927
LA SENSÉE À ETAING (62),1000274,2016,0.243,78587-05-0,0.005,3.88123558314346e-05
LA SENSÉE À ETAING (62),1000274,2016,0.243,79127-80-3,0.02,0.000153896943902686
LA SENSÉE À ETAING (62),1000274,2016,0.243,79277-27-3,0.02,0.000457751731412472
LA SENSÉE À ETAING (62),1000274,2016,0.243,79538-32-2,0.005,0.12392816076971
LA SENSÉE À ETAING (62),1000274,2016,0.243,79622-59-6,0.02,0.000533248933662503
LA SENSÉE À ETAING (62),1000274,2016,0.243,79983-71-4,0.005,2.53670523018649e-05
LA SENSÉE À ETAING (62),1000274,2016,0.243,8065-48-3,0.03,0.000453859316457878
LA SENSÉE À ETAING (62),1000274,2016,0.243,81335-37-7,0.02,3.22277507144001e-07
LA SENSÉE À ETAING (62),1000274,2016,0.243,81405-85-8,0.01,4.24815153514646e-07
LA SENSÉE À ETAING (62),1000274,2016,0.243,81406-37-3,0.02,0.000226375798731083
LA SENSÉE À ETAING (62),1000274,2016,0.243,82560-54-1,0.02,0.000559538527570931
LA SENSÉE À ETAING (62),1000274,2016,0.243,82657-04-3,0.005,0.0633971893547087
LA SENSÉE À ETAING (62),1000274,2016,0.243,83-79-4,0.005,0.0008475591257657
LA SENSÉE À ETAING (62),1000274,2016,0.243,834-12-8,0.005,4.04827497954097e-05
LA SENSÉE À ETAING (62),1000274,2016,0.243,85509-19-9,0.005,8.91599886116458e-06
LA SENSÉE À ETAING (62),1000274,2016,0.243,86-50-0,0.005,0.00345199377863922
LA SENSÉE À ETAING (62),1000274,2016,0.243,87-60-5,0.1,2.57039578276887e-05
LA SENSÉE À ETAING (62),1000274,2016,0.243,87-86-5,0.06,0.00168364781237727
LA SENSÉE À ETAING (62),1000274,2016,0.243,87674-68-8,0.005,0.00015078911918266
LA SENSÉE À ETAING (62),1000274,2016,0.243,88-06-2,0.05,3.23720352284408e-05
LA SENSÉE À ETAING (62),1000274,2016,0.243,88-73-3,0.02,7.78090289988561e-06
LA SENSÉE À ETAING (62),1000274,2016,0.243,88-85-7,0.02,0.000558380181655707
LA SENSÉE À ETAING (62),1000274,2016,0.243,886-50-0,0.005,0.000320752466255331
LA SENSÉE À ETAING (62),1000274,2016,0.243,88671-89-0,0.005,5.65809199444431e-06
LA SENSÉE À ETAING (62),1000274,2016,0.243,89-59-8,0.1,0.000113762728582343
LA SENSÉE À ETAING (62),1000274,2016,0.243,89-61-2,0.03,6.38000846170749e-05
LA SENSÉE À ETAING (62),1000274,2016,0.243,90-13-1,0.02,0.00014809145349018
LA SENSÉE À ETAING (62),1000274,2016,0.243,91465-08-6,0.005,0.0108285424735504
LA SENSÉE À ETAING (62),1000274,2016,0.243,92-87-5,0.03,1.19432151166049e-05
LA SENSÉE À ETAING (62),1000274,2016,0.243,93-65-2,0.02,4.27100417209488e-06
LA SENSÉE À ETAING (62),1000274,2016,0.243,93-76-5,0.02,9.7460805325047e-06
LA SENSÉE À ETAING (62),1000274,2016,0.243,94-11-1,0.005,3.90903900881793e-05
LA SENSÉE À ETAING (62),1000274,2016,0.243,94-75-7,0.02,4.48776384756553e-06
LA SENSÉE À ETAING (62),1000274,2016,0.243,94-81-5,0.02,0.000140452668747153
LA SENSÉE À ETAING (62),1000274,2016,0.243,94-82-6,0.05,3.15188239414744e-05
LA SENSÉE À ETAING (62),1000274,2016,0.243,94125-34-5,0.02,0.000231595435503788
LA SENSÉE À ETAING (62),1000274,2016,0.243,95-57-8,0.02,1.24689532221001e-05
LA SENSÉE À ETAING (62),1000274,2016,0.243,95-74-9,0.1,0.000105317368712972
LA SENSÉE À ETAING (62),1000274,2016,0.243,95-95-4,0.05,0.000221294186181313
LA SENSÉE À ETAING (62),1000274,2016,0.243,95266-40-3,0.03,3.60928564912718e-05
LA SENSÉE À ETAING (62),1000274,2016,0.243,959-98-8,0.0015,0.00212907646407004
LA SENSÉE À ETAING (62),1000274,2016,0.243,96489-71-3,0.005,0.00233652269815755
LA SENSÉE À ETAING (62),1000274,2016,0.243,96525-23-4,0.02,4.3755232478991e-05
LA SENSÉE À ETAING (62),1000274,2016,0.243,97-00-7,0.1,0.0012864709980291
LA SENSÉE À ETAING (62),1000274,2016,0.243,97-17-6,0.005,7.48462428380019e-05
LA SENSÉE À ETAING (62),1000274,2016,0.243,98730-04-2,0.005,8.02361357246583e-06
LA SENSÉE À ETAING (62),1000274,2016,0.243,98886-44-3,0.02,2.03062624829152e-05
LA SENSÉE À ETAING (62),1000274,2016,0.243,99-54-7,0.03,6.99876247668032e-05
LA SENSÉE À ETAING (62),1000274,2016,0.243,99105-77-8,0.02,0.000360022792083602
LA SENSÉE À ETAING (62),1000274,2016,0.243,99129-21-2,0.005,9.61545864455079e-07
LA SENSÉE À ETAING (62),1000274,2017,0.231,100-41-4,0.5,0.000293136571676725
LA SENSÉE À ETAING (62),1000274,2017,0.231,100-42-5,0.5,0.000282403454120838
LA SENSÉE À ETAING (62),1000274,2017,0.231,100-44-7,0.02,1.41686996990301e-05
LA SENSÉE À ETAING (62),1000274,2017,0.231,1002-53-5,0.00039,0.000195013468641022
LA SENSÉE À ETAING (62),1000274,2017,0.231,100784-20-1,0.02,0.000311336469055108
LA SENSÉE À ETAING (62),1000274,2017,0.231,101-20-2,0.02,0.00176128645683613
LA SENSÉE À ETAING (62),1000274,2017,0.231,101-42-8,0.02,1.85964478117076e-06
LA SENSÉE À ETAING (62),1000274,2017,0.231,101007-06-1,0.005,0.000682291568294462
LA SENSÉE À ETAING (62),1000274,2017,0.231,101200-48-0,0.02,0.000146970440438422
LA SENSÉE À ETAING (62),1000274,2017,0.231,101205-02-1,0.05,4.71921761630257e-06
LA SENSÉE À ETAING (62),1000274,2017,0.231,1014-70-6,0.02,0.000141003533370797
LA SENSÉE À ETAING (62),1000274,2017,0.231,101463-69-8,0.02,0.139293225678778
LA SENSÉE À ETAING (62),1000274,2017,0.231,1031-07-8,0.005,6.59128369278204e-06
LA SENSÉE À ETAING (62),1000274,2017,0.231,103112-35-2,0.1,0.00196200450392565
LA SENSÉE À ETAING (62),1000274,2017,0.231,104-40-5,0.09,0.00450860833362058
LA SENSÉE À ETAING (62),1000274,2017,0.231,104653-34-1,0.02,0.00430655497622197
LA SENSÉE À ETAING (62),1000274,2017,0.231,106-42-3,0.02,1.6516955384129e-05
LA SENSÉE À ETAING (62),1000274,2017,0.231,106-43-4,0.5,0.000360719818962905
LA SENSÉE À ETAING (62),1000274,2017,0.231,106-46-7,0.05,6.11040511162528e-05
LA SENSÉE À ETAING (62),1000274,2017,0.231,106-47-8,0.05,0.000455480726132957
LA SENSÉE À ETAING (62),1000274,2017,0.231,107-05-1,0.1,5.95387894127685e-05
LA SENSÉE À ETAING (62),1000274,2017,0.231,107-06-2,0.5,1.32669167619117e-05
LA SENSÉE À ETAING (62),1000274,2017,0.231,108-38-3,0.02,2.05745334390736e-05
LA SENSÉE À ETAING (62),1000274,2017,0.231,108-41-8,0.5,1.61796828464814e-05
LA SENSÉE À ETAING (62),1000274,2017,0.231,108-42-9,0.05,0.000185297689608978
LA SENSÉE À ETAING (62),1000274,2017,0.231,108-62-3,0.02,9.12704087842935e-07
LA SENSÉE À ETAING (62),1000274,2017,0.231,108-70-3,0.1,0.000237684028662488
LA SENSÉE À ETAING (62),1000274,2017,0.231,108-77-0,50,0.00102086897233476
LA SENSÉE À ETAING (62),1000274,2017,0.231,108-88-3,0.5,0.000223187570302224
LA SENSÉE À ETAING (62),1000274,2017,0.231,108-90-7,0.5,0.000134700747053183
LA SENSÉE À ETAING (62),1000274,2017,0.231,109-89-7,10,0.00314340254173901
LA SENSÉE À ETAING (62),1000274,2017,0.231,110235-47-7,0.005,3.6531710244801e-05
LA SENSÉE À ETAING (62),1000274,2017,0.231,111479-05-1,0.02,0.000250339854606345
LA SENSÉE À ETAING (62),1000274,2017,0.231,111988-49-9,0.03,0.000159816367296889
LA SENSÉE À ETAING (62),1000274,2017,0.231,112143-82-5,0.02,0.000111977301057205
LA SENSÉE À ETAING (62),1000274,2017,0.231,1129-41-5,0.02,1.8652197083486e-05
LA SENSÉE À ETAING (62),1000274,2017,0.231,1134-23-2,0.02,3.31688180255512e-05
LA SENSÉE À ETAING (62),1000274,2017,0.231,114-26-1,0.02,0.000125034538555137
LA SENSÉE À ETAING (62),1000274,2017,0.231,116-29-0,0.005,3.3586906427369e-05
LA SENSÉE À ETAING (62),1000274,2017,0.231,116255-48-2,0.02,0.000549072882844683
LA SENSÉE À ETAING (62),1000274,2017,0.231,1163-19-5,0.005,0.15451477162568
LA SENSÉE À ETAING (62),1000274,2017,0.231,117-18-0,0.01,0.00017725561442846
LA SENSÉE À ETAING (62),1000274,2017,0.231,117-81-7,0.2,0.000775586061752365
LA SENSÉE À ETAING (62),1000274,2017,0.231,117428-22-5,0.02,0.000289087954149186
LA SENSÉE À ETAING (62),1000274,2017,0.231,119-06-2,40,1.7822145762692
LA SENSÉE À ETAING (62),1000274,2017,0.231,119-12-0,0.02,3.71988912644515e-05
LA SENSÉE À ETAING (62),1000274,2017,0.231,119168-77-3,0.005,0.000624554014616242
LA SENSÉE À ETAING (62),1000274,2017,0.231,120-12-7,0.001,0.000535673299976301
LA SENSÉE À ETAING (62),1000274,2017,0.231,120-47-8,0.01,4.10771212553388e-06
LA SENSÉE À ETAING (62),1000274,2017,0.231,120-82-1,0.03,0.000128860928029466
LA SENSÉE À ETAING (62),1000274,2017,0.231,120-83-2,0.04,0.000303500905632739
LA SENSÉE À ETAING (62),1000274,2017,0.231,12002-48-1,0.1,0.000106757894509949
LA SENSÉE À ETAING (62),1000274,2017,0.231,120068-37-3,0.005,0.0027597516669337
LA SENSÉE À ETAING (62),1000274,2017,0.231,120923-37-7,0.02,0.00266642882570899
LA SENSÉE À ETAING (62),1000274,2017,0.231,121-14-2,0.02,3.49566652483644e-05
LA SENSÉE À ETAING (62),1000274,2017,0.231,121776-33-8,0.02,8.28762316528558e-06
LA SENSÉE À ETAING (62),1000274,2017,0.231,122-34-9,0.008,4.55606579302345e-05
LA SENSÉE À ETAING (62),1000274,2017,0.231,122-42-9,0.02,1.37066081025209e-05
LA SENSÉE À ETAING (62),1000274,2017,0.231,122008-85-9,0.05,5.73020295568302e-05
LA SENSÉE À ETAING (62),1000274,2017,0.231,1222-05-5,0.025,0.000291031507352623
LA SENSÉE À ETAING (62),1000274,2017,0.231,123-91-1,2,2.42621897904184e-06
LA SENSÉE À ETAING (62),1000274,2017,0.231,124-48-1,0.2,4.25431845472597e-05
LA SENSÉE À ETAING (62),1000274,2017,0.231,126-99-8,0.5,0.000438702393978377
LA SENSÉE À ETAING (62),1000274,2017,0.231,126801-58-9,0.02,2.82507508924551e-06
LA SENSÉE À ETAING (62),1000274,2017,0.231,127-18-4,0.5,6.79626030211842e-05
LA SENSÉE À ETAING (62),1000274,2017,0.231,129-00-0,0.005,0.00055599387122278
LA SENSÉE À ETAING (62),1000274,2017,0.231,129630-19-9,0.02,0.0020875168786471
LA SENSÉE À ETAING (62),1000274,2017,0.231,13067-93-1,0.02,0.00017219875043692
LA SENSÉE À ETAING (62),1000274,2017,0.231,13071-79-9,0.005,0.00398538245295148
LA SENSÉE À ETAING (62),1000274,2017,0.231,131-11-3,0.1,8.30041869715702e-06
LA SENSÉE À ETAING (62),1000274,2017,0.231,13171-21-6,0.02,7.75586061752365e-05
LA SENSÉE À ETAING (62),1000274,2017,0.231,131983-72-7,0.02,0.00021949771101979
LA SENSÉE À ETAING (62),1000274,2017,0.231,132-66-1,0.03,2.19594396959942e-06
LA SENSÉE À ETAING (62),1000274,2017,0.231,133-06-2,0.05,0.000911318117428884
LA SENSÉE À ETAING (62),1000274,2017,0.231,1330-20-7,0.02,5.16333134340325e-06
LA SENSÉE À ETAING (62),1000274,2017,0.231,13360-45-7,0.02,5.02145986274704e-05
LA SENSÉE À ETAING (62),1000274,2017,0.231,13457-18-6,0.02,0.000144753807414906
LA SENSÉE À ETAING (62),1000274,2017,0.231,135-19-3,0.02,5.05859599289229e-05
LA SENSÉE À ETAING (62),1000274,2017,0.231,135158-54-2,0.02,0.000137667046650798
LA SENSÉE À ETAING (62),1000274,2017,0.231,135410-20-7,0.03,2.04654479381455e-05
LA SENSÉE À ETAING (62),1000274,2017,0.231,13593-03-8,0.02,0.00056653924005618
LA SENSÉE À ETAING (62),1000274,2017,0.231,136426-54-5,0.02,4.02374079029886e-05
LA SENSÉE À ETAING (62),1000274,2017,0.231,137-26-8,0.1,0.0077374882051481
LA SENSÉE À ETAING (62),1000274,2017,0.231,137-30-4,100,1.37784384335145
LA SENSÉE À ETAING (62),1000274,2017,0.231,139-40-2,0.02,0.000303969490585696
LA SENSÉE À ETAING (62),1000274,2017,0.231,139528-85-1,0.02,1.4322868204258e-05
LA SENSÉE À ETAING (62),1000274,2017,0.231,139968-49-3,0.05,0.00187529676455557
LA SENSÉE À ETAING (62),1000274,2017,0.231,140-66-9,0.03,0.000548556360071726
LA SENSÉE À ETAING (62),1000274,2017,0.231,1401-69-0,0.1,0.000115691113213155
LA SENSÉE À ETAING (62),1000274,2017,0.231,140923-17-7,0.02,6.50474080190595e-06
LA SENSÉE À ETAING (62),1000274,2017,0.231,141-66-2,0.02,1.90033424951113e-05
LA SENSÉE À ETAING (62),1000274,2017,0.231,14214-32-5,0.02,4.41804358188774e-05
LA SENSÉE À ETAING (62),1000274,2017,0.231,143-50-0,0.05,0.00620826153796206
LA SENSÉE À ETAING (62),1000274,2017,0.231,14484-64-1,10000,56.0531469646538
LA SENSÉE À ETAING (62),1000274,2017,0.231,1461-25-2,0.00058,1.76046742539503e-05
LA SENSÉE À ETAING (62),1000274,2017,0.231,14808-79-8,28.4,0.000216729655192249
LA SENSÉE À ETAING (62),1000274,2017,0.231,150-68-5,0.02,5.95291930727455e-06
LA SENSÉE À ETAING (62),1000274,2017,0.231,15307-86-5,0.02,0.000234223246150888
LA SENSÉE À ETAING (62),1000274,2017,0.231,153233-91-1,0.005,0.00347672230912832
LA SENSÉE À ETAING (62),1000274,2017,0.231,156-60-5,0.5,2.27284596792462e-05
LA SENSÉE À ETAING (62),1000274,2017,0.231,156052-68-5,0.02,0.00137793901096227
LA SENSÉE À ETAING (62),1000274,2017,0.231,15687-27-1,0.01,4.16581519737962e-05
LA SENSÉE À ETAING (62),1000274,2017,0.231,15845-66-6,0.019,8.29380081256315e-09
LA SENSÉE À ETAING (62),1000274,2017,0.231,1596-84-5,0.03,2.59490375632708e-06
LA SENSÉE À ETAING (62),1000274,2017,0.231,1610-18-0,0.02,7.01503747905136e-06
LA SENSÉE À ETAING (62),1000274,2017,0.231,1634-04-4,0.5,6.71537089897451e-06
LA SENSÉE À ETAING (62),1000274,2017,0.231,1634-78-2,0.02,0.00466047299344493
LA SENSÉE À ETAING (62),1000274,2017,0.231,163520-33-0,0.005,4.45112719005105e-05
LA SENSÉE À ETAING (62),1000274,2017,0.231,1646-87-3,0.02,0.00465082497174676
LA SENSÉE À ETAING (62),1000274,2017,0.231,1646-88-4,0.02,2.08992160527648e-05
LA SENSÉE À ETAING (62),1000274,2017,0.231,16672-87-0,0.2,1.0686364801747e-05
LA SENSÉE À ETAING (62),1000274,2017,0.231,17109-49-8,0.02,0.000287494801174872
LA SENSÉE À ETAING (62),1000274,2017,0.231,173159-57-4,0.03,1.17657943899795e-05
LA SENSÉE À ETAING (62),1000274,2017,0.231,178928-70-6,0.05,0.000303507903170522
LA SENSÉE À ETAING (62),1000274,2017,0.231,1806-26-4,0.03,0.00118609986020438
LA SENSÉE À ETAING (62),1000274,2017,0.231,18181-70-9,0.005,0.000352833655624179
LA SENSÉE À ETAING (62),1000274,2017,0.231,18181-80-1,0.005,3.42192119959769e-05
LA SENSÉE À ETAING (62),1000274,2017,0.231,1836-75-5,0.005,2.30765034039564e-05
LA SENSÉE À ETAING (62),1000274,2017,0.231,1861-32-1,0.005,4.08667408989036e-06
LA SENSÉE À ETAING (62),1000274,2017,0.231,18854-01-8,0.02,0.000662262242965182
LA SENSÉE À ETAING (62),1000274,2017,0.231,19044-88-3,0.1,0.00286220014905119
LA SENSÉE À ETAING (62),1000274,2017,0.231,191-24-2,0.0011,0.0232269767472473
LA SENSÉE À ETAING (62),1000274,2017,0.231,1912-24-9,0.035,0.000390003086757105
LA SENSÉE À ETAING (62),1000274,2017,0.231,1918-02-1,0.03,1.23629255729199e-05
LA SENSÉE À ETAING (62),1000274,2017,0.231,1918-13-4,0.01,2.43893373027891e-06
LA SENSÉE À ETAING (62),1000274,2017,0.231,193-39-5,7e-04,0.000587216215838602
LA SENSÉE À ETAING (62),1000274,2017,0.231,19480-43-4,0.005,2.23341796075482e-06
LA SENSÉE À ETAING (62),1000274,2017,0.231,1967-16-4,0.05,2.96667522190002e-05
LA SENSÉE À ETAING (62),1000274,2017,0.231,1982-47-4,0.02,6.3757311513918e-05
LA SENSÉE À ETAING (62),1000274,2017,0.231,1982-49-6,0.02,1.22441881813651e-05
LA SENSÉE À ETAING (62),1000274,2017,0.231,19937-59-8,0.02,1.72317742213228e-06
LA SENSÉE À ETAING (62),1000274,2017,0.231,2008-41-5,0.02,2.14698987161047e-05
LA SENSÉE À ETAING (62),1000274,2017,0.231,2032-59-9,0.02,0.000238083882269593
LA SENSÉE À ETAING (62),1000274,2017,0.231,205-99-2,0.0021,0.00284131441543311
LA SENSÉE À ETAING (62),1000274,2017,0.231,206-44-0,0.005,0.000166789998331024
LA SENSÉE À ETAING (62),1000274,2017,0.231,207-08-9,5e-04,0.000676503432245979
LA SENSÉE À ETAING (62),1000274,2017,0.231,208-96-8,0.01,6.34307724208235e-05
LA SENSÉE À ETAING (62),1000274,2017,0.231,2104-64-5,0.02,0.00248502061385802
LA SENSÉE À ETAING (62),1000274,2017,0.231,210880-92-5,0.02,4.12125982654e-05
LA SENSÉE À ETAING (62),1000274,2017,0.231,2163-69-1,0.02,4.08347588933906e-06
LA SENSÉE À ETAING (62),1000274,2017,0.231,2164-17-2,0.02,6.08737414896242e-05
LA SENSÉE À ETAING (62),1000274,2017,0.231,218-01-9,0.001,7.91042832819084e-06
LA SENSÉE À ETAING (62),1000274,2017,0.231,220899-03-6,0.005,4.61179510844123e-05
LA SENSÉE À ETAING (62),1000274,2017,0.231,2212-67-1,0.005,9.43778336534264e-06
LA SENSÉE À ETAING (62),1000274,2017,0.231,22224-92-6,0.02,0.00373705935451171
LA SENSÉE À ETAING (62),1000274,2017,0.231,2275-23-2,0.02,3.60354538080504e-06
LA SENSÉE À ETAING (62),1000274,2017,0.231,22781-23-3,0.02,0.000602878776855894
LA SENSÉE À ETAING (62),1000274,2017,0.231,22936-75-0,0.02,3.74912564865676e-05
LA SENSÉE À ETAING (62),1000274,2017,0.231,2303-16-4,0.05,7.32267912975129e-05
LA SENSÉE À ETAING (62),1000274,2017,0.231,23560-59-0,0.02,0.00142209953908469
LA SENSÉE À ETAING (62),1000274,2017,0.231,23564-06-9,0.05,3.66581044513605e-06
LA SENSÉE À ETAING (62),1000274,2017,0.231,24151-93-7,0.02,3.58864084343369e-05
LA SENSÉE À ETAING (62),1000274,2017,0.231,2439-01-2,0.005,0.000112245775378479
LA SENSÉE À ETAING (62),1000274,2017,0.231,25311-71-1,0.02,0.00100769706968461
LA SENSÉE À ETAING (62),1000274,2017,0.231,25366-23-8,0.05,6.90192132301442e-07
LA SENSÉE À ETAING (62),1000274,2017,0.231,2595-54-2,0.02,9.08929074419018e-05
LA SENSÉE À ETAING (62),1000274,2017,0.231,2597-03-7,0.02,4.03301647078426e-05
LA SENSÉE À ETAING (62),1000274,2017,0.231,26087-47-8,0.02,1.96892872796076e-05
LA SENSÉE À ETAING (62),1000274,2017,0.231,2631-40-5,0.02,2.31969024238033e-05
LA SENSÉE À ETAING (62),1000274,2017,0.231,26644-46-2,0.02,8.53159037603185e-07
LA SENSÉE À ETAING (62),1000274,2017,0.231,2675-77-6,0.005,1.25190105187687e-05
LA SENSÉE À ETAING (62),1000274,2017,0.231,2686-99-9,0.02,0.000785109071940218
LA SENSÉE À ETAING (62),1000274,2017,0.231,28159-98-0,0.0025,0.0014479048027078
LA SENSÉE À ETAING (62),1000274,2017,0.231,28249-77-6,0.05,0.00118295984874288
LA SENSÉE À ETAING (62),1000274,2017,0.231,28434-01-7,0.005,0.0116968791892078
LA SENSÉE À ETAING (62),1000274,2017,0.231,29450-45-1,0.005,4.31092040536351e-05
LA SENSÉE À ETAING (62),1000274,2017,0.231,298-02-2,0.02,0.0804136907983826
LA SENSÉE À ETAING (62),1000274,2017,0.231,299-86-5,0.02,1.11001793436729e-05
LA SENSÉE À ETAING (62),1000274,2017,0.231,29973-13-5,0.02,2.46337197147271e-05
LA SENSÉE À ETAING (62),1000274,2017,0.231,300-76-5,0.02,0.00490376890761903
LA SENSÉE À ETAING (62),1000274,2017,0.231,30043-49-3,0.02,4.58173530553555e-07
LA SENSÉE À ETAING (62),1000274,2017,0.231,311-45-5,0.02,0.0355328461640723
LA SENSÉE À ETAING (62),1000274,2017,0.231,31218-83-4,0.005,0.000437491887613718
LA SENSÉE À ETAING (62),1000274,2017,0.231,315-18-4,0.02,0.000297666523756851
LA SENSÉE À ETAING (62),1000274,2017,0.231,31895-22-4,0.01,0.000391291127126853
LA SENSÉE À ETAING (62),1000274,2017,0.231,32534-81-9,0.00015,4.70967847240923e-06
LA SENSÉE À ETAING (62),1000274,2017,0.231,32598-13-3,6e-06,3.00020720986187e-06
LA SENSÉE À ETAING (62),1000274,2017,0.231,33089-61-1,0.005,1.9519559125383e-05
LA SENSÉE À ETAING (62),1000274,2017,0.231,3347-22-6,0.1,0.000335660316699933
LA SENSÉE À ETAING (62),1000274,2017,0.231,335104-84-2,0.05,2.70688623941343e-05
LA SENSÉE À ETAING (62),1000274,2017,0.231,3383-96-8,0.03,0.00303683540998534
LA SENSÉE À ETAING (62),1000274,2017,0.231,34014-18-1,0.02,6.73178125898504e-05
LA SENSÉE À ETAING (62),1000274,2017,0.231,34205-21-5,0.02,6.62262242965182e-05
LA SENSÉE À ETAING (62),1000274,2017,0.231,35367-38-5,0.05,0.00205906475256926
LA SENSÉE À ETAING (62),1000274,2017,0.231,35400-43-2,0.02,6.15077719762637e-05
LA SENSÉE À ETAING (62),1000274,2017,0.231,35575-96-3,0.02,0.000172635455759963
LA SENSÉE À ETAING (62),1000274,2017,0.231,35694-08-7,0.00025,0.00125008633744245
LA SENSÉE À ETAING (62),1000274,2017,0.231,36335-67-8,0.02,6.72558391373561e-05
LA SENSÉE À ETAING (62),1000274,2017,0.231,36734-19-7,0.03,0.000338704724638258
LA SENSÉE À ETAING (62),1000274,2017,0.231,3689-24-5,0.02,0.0080487788662754
LA SENSÉE À ETAING (62),1000274,2017,0.231,3766-81-2,0.02,0.000120511917214872
LA SENSÉE À ETAING (62),1000274,2017,0.231,37680-65-2,0.005,0.000117211440765996
LA SENSÉE À ETAING (62),1000274,2017,0.231,37764-25-3,0.03,2.12383735315241e-07
LA SENSÉE À ETAING (62),1000274,2017,0.231,38260-54-7,0.02,0.000242510192114297
LA SENSÉE À ETAING (62),1000274,2017,0.231,38380-07-3,0.001,0.000389941986676543
LA SENSÉE À ETAING (62),1000274,2017,0.231,39300-45-3,0.05,0.00949445421050682
LA SENSÉE À ETAING (62),1000274,2017,0.231,39515-41-8,0.005,0.175537538592415
LA SENSÉE À ETAING (62),1000274,2017,0.231,39807-15-3,0.05,1.17508695304569e-05
LA SENSÉE À ETAING (62),1000274,2017,0.231,40487-42-1,0.006,0.000112862911735122
LA SENSÉE À ETAING (62),1000274,2017,0.231,41198-08-7,0.02,0.00155714837063999
LA SENSÉE À ETAING (62),1000274,2017,0.231,41483-43-6,0.01,4.48332270432733e-05
LA SENSÉE À ETAING (62),1000274,2017,0.231,4151-50-2,0.05,0.000386073510282257
LA SENSÉE À ETAING (62),1000274,2017,0.231,41814-78-2,0.02,1.29249834499078e-05
LA SENSÉE À ETAING (62),1000274,2017,0.231,422556-08-9,0.05,8.46583898755004e-05
LA SENSÉE À ETAING (62),1000274,2017,0.231,42874-03-3,0.002,7.59154194005063e-05
LA SENSÉE À ETAING (62),1000274,2017,0.231,43121-43-3,0.02,4.37149509737387e-05
LA SENSÉE À ETAING (62),1000274,2017,0.231,4394-00-7,0.01,4.07380277804113e-06
LA SENSÉE À ETAING (62),1000274,2017,0.231,4849-32-5,0.02,6.32455532033676e-07
LA SENSÉE À ETAING (62),1000274,2017,0.231,50-32-8,0.0011,0.000333651195388891
LA SENSÉE À ETAING (62),1000274,2017,0.231,50594-66-6,0.02,0.000194012626756791
LA SENSÉE À ETAING (62),1000274,2017,0.231,51-03-6,0.005,1.83345394101849e-05
LA SENSÉE À ETAING (62),1000274,2017,0.231,51146-55-5,0.01,1.77827941003892e-07
LA SENSÉE À ETAING (62),1000274,2017,0.231,51218-49-6,0.005,0.000888116634144219
LA SENSÉE À ETAING (62),1000274,2017,0.231,51276-47-2,0.05,8.75527928739389e-05
LA SENSÉE À ETAING (62),1000274,2017,0.231,51707-55-2,0.02,5.36698023193598e-05
LA SENSÉE À ETAING (62),1000274,2017,0.231,5234-68-4,0.02,1.78127099277398e-05
LA SENSÉE À ETAING (62),1000274,2017,0.231,52645-53-1,0.01,0.0199434367425734
LA SENSÉE À ETAING (62),1000274,2017,0.231,53-70-3,0.00015,0.00137623075544649
LA SENSÉE À ETAING (62),1000274,2017,0.231,53250-83-2,0.1,3.31283648117282e-06
LA SENSÉE À ETAING (62),1000274,2017,0.231,533-74-4,0.1,0.00107423673601543
LA SENSÉE À ETAING (62),1000274,2017,0.231,534-52-1,0.02,1.79816688590361e-05
LA SENSÉE À ETAING (62),1000274,2017,0.231,53780-34-0,0.02,4.79766583803898e-08
LA SENSÉE À ETAING (62),1000274,2017,0.231,540-59-0,0.5,8.41918406343615e-05
LA SENSÉE À ETAING (62),1000274,2017,0.231,541-73-1,0.1,6.03392628219306e-05
LA SENSÉE À ETAING (62),1000274,2017,0.231,5436-43-1,0.00015,1.43248887903216e-08
LA SENSÉE À ETAING (62),1000274,2017,0.231,55179-31-2,0.02,8.8885310868799e-05
LA SENSÉE À ETAING (62),1000274,2017,0.231,55219-65-3,0.02,1.51331729573698e-05
LA SENSÉE À ETAING (62),1000274,2017,0.231,55285-14-8,0.1,0.00841007754069233
LA SENSÉE À ETAING (62),1000274,2017,0.231,55406-53-6,0.05,0.000826171110143061
LA SENSÉE À ETAING (62),1000274,2017,0.231,55512-33-9,0.05,8.43664945312902e-05
LA SENSÉE À ETAING (62),1000274,2017,0.231,55814-41-0,0.005,7.22719885372964e-06
LA SENSÉE À ETAING (62),1000274,2017,0.231,56-23-5,0.5,1.81915625619969e-05
LA SENSÉE À ETAING (62),1000274,2017,0.231,56-55-3,0.001,0.00242828691703896
LA SENSÉE À ETAING (62),1000274,2017,0.231,56073-07-5,0.02,2e-04
LA SENSÉE À ETAING (62),1000274,2017,0.231,56425-91-3,0.005,1.45804189926062e-05
LA SENSÉE À ETAING (62),1000274,2017,0.231,576-24-9,0.05,0.000151624717366482
LA SENSÉE À ETAING (62),1000274,2017,0.231,57646-30-7,0.005,1.34700747053184e-06
LA SENSÉE À ETAING (62),1000274,2017,0.231,583-78-8,0.05,0.000158186713911069
LA SENSÉE À ETAING (62),1000274,2017,0.231,5836-29-3,0.02,2.44134971832148e-06
LA SENSÉE À ETAING (62),1000274,2017,0.231,584-79-2,0.03,0.0151050182636371
LA SENSÉE À ETAING (62),1000274,2017,0.231,58810-48-3,0.005,6.90192132301443e-06
LA SENSÉE À ETAING (62),1000274,2017,0.231,59-50-7,0.02,4.45584418436982e-05
LA SENSÉE À ETAING (62),1000274,2017,0.231,5902-51-2,0.005,9.34264838627927e-05
LA SENSÉE À ETAING (62),1000274,2017,0.231,595-90-4,0.005,0.00515074446291218
LA SENSÉE À ETAING (62),1000274,2017,0.231,59669-26-0,0.05,0.00116807305110947
LA SENSÉE À ETAING (62),1000274,2017,0.231,59756-60-4,0.02,3.4716025257429e-05
LA SENSÉE À ETAING (62),1000274,2017,0.231,60207-31-0,0.02,6.59674954317136e-06
LA SENSÉE À ETAING (62),1000274,2017,0.231,60207-90-1,0.007,2.69710615433582e-05
LA SENSÉE À ETAING (62),1000274,2017,0.231,606-20-2,0.02,1.33177235537226e-05
LA SENSÉE À ETAING (62),1000274,2017,0.231,608-31-1,0.02,0.000117470818736016
LA SENSÉE À ETAING (62),1000274,2017,0.231,61213-25-0,0.005,1.16511824836123e-05
LA SENSÉE À ETAING (62),1000274,2017,0.231,618-62-2,0.02,8.70221874185535e-05
LA SENSÉE À ETAING (62),1000274,2017,0.231,6190-65-4,0.044,0.133337613102688
LA SENSÉE À ETAING (62),1000274,2017,0.231,626-43-7,0.02,4.7558702282027e-05
LA SENSÉE À ETAING (62),1000274,2017,0.231,62850-32-2,0.05,6.87179198148673e-05
LA SENSÉE À ETAING (62),1000274,2017,0.231,630-20-6,0.05,2.28228567480703e-05
LA SENSÉE À ETAING (62),1000274,2017,0.231,63284-71-9,0.005,8.39208751856383e-06
LA SENSÉE À ETAING (62),1000274,2017,0.231,634-66-2,0.02,6.20197477706469e-05
LA SENSÉE À ETAING (62),1000274,2017,0.231,636-30-6,0.02,6.85693441666626e-05
LA SENSÉE À ETAING (62),1000274,2017,0.231,6392-46-7,0.02,8.83547689779296e-05
LA SENSÉE À ETAING (62),1000274,2017,0.231,640-15-3,0.005,6.87654048710726e-06
LA SENSÉE À ETAING (62),1000274,2017,0.231,64628-44-0,0.02,0.000331917381487512
LA SENSÉE À ETAING (62),1000274,2017,0.231,657-24-9,0.0548,2.3355036937244e-06
LA SENSÉE À ETAING (62),1000274,2017,0.231,65907-30-4,0.02,6.32455532033676e-05
LA SENSÉE À ETAING (62),1000274,2017,0.231,66063-05-6,0.02,1.99081083470305e-05
LA SENSÉE À ETAING (62),1000274,2017,0.231,66215-27-8,0.02,1.84599276968091e-06
LA SENSÉE À ETAING (62),1000274,2017,0.231,66246-88-6,0.02,4.99493677830829e-05
LA SENSÉE À ETAING (62),1000274,2017,0.231,66332-96-5,0.05,9.48352960605573e-05
LA SENSÉE À ETAING (62),1000274,2017,0.231,668-34-8,0.00059,0.00134602154560192
LA SENSÉE À ETAING (62),1000274,2017,0.231,66841-25-6,0.005,1.29142742323819
LA SENSÉE À ETAING (62),1000274,2017,0.231,67-66-3,0.5,1.4506745910617e-05
LA SENSÉE À ETAING (62),1000274,2017,0.231,67-72-1,0.5,0.00153203964690302
LA SENSÉE À ETAING (62),1000274,2017,0.231,68157-60-8,0.02,0.000828571508921371
LA SENSÉE À ETAING (62),1000274,2017,0.231,6923-22-4,0.02,4.68737819765398e-05
LA SENSÉE À ETAING (62),1000274,2017,0.231,69327-76-0,0.005,4.84919897103376e-05
LA SENSÉE À ETAING (62),1000274,2017,0.231,69335-91-7,0.02,3.63940171721996e-06
LA SENSÉE À ETAING (62),1000274,2017,0.231,69806-50-4,0.05,0.000492912695854998
LA SENSÉE À ETAING (62),1000274,2017,0.231,6988-21-2,0.02,7.60378792641123e-07
LA SENSÉE À ETAING (62),1000274,2017,0.231,71-43-2,0.5,4.91779028113479e-05
LA SENSÉE À ETAING (62),1000274,2017,0.231,71-55-6,0.5,4.65446752318864e-05
LA SENSÉE À ETAING (62),1000274,2017,0.231,71283-80-2,0.02,7.53581096452205e-05
LA SENSÉE À ETAING (62),1000274,2017,0.231,71422-67-8,0.01,0.000191601983206846
LA SENSÉE À ETAING (62),1000274,2017,0.231,71561-11-0,0.05,0.00044357800601898
LA SENSÉE À ETAING (62),1000274,2017,0.231,72-43-5,0.05,0.0224527739677758
LA SENSÉE À ETAING (62),1000274,2017,0.231,72178-02-0,0.05,1.97546802394715e-06
LA SENSÉE À ETAING (62),1000274,2017,0.231,72459-58-6,0.05,2.03690138902056e-05
LA SENSÉE À ETAING (62),1000274,2017,0.231,7292-16-2,0.02,1.66659469726863e-05
LA SENSÉE À ETAING (62),1000274,2017,0.231,73250-68-7,0.005,7.56780624218104e-06
LA SENSÉE À ETAING (62),1000274,2017,0.231,74-95-3,0.5,1.97637797009864e-05
LA SENSÉE À ETAING (62),1000274,2017,0.231,74-97-5,0.5,7.46225360266869e-05
LA SENSÉE À ETAING (62),1000274,2017,0.231,74051-80-2,0.02,1.96394804973098e-05
LA SENSÉE À ETAING (62),1000274,2017,0.231,741-58-2,0.02,0.000110542681588887
LA SENSÉE À ETAING (62),1000274,2017,0.231,74115-24-5,0.02,0.000675351697284065
LA SENSÉE À ETAING (62),1000274,2017,0.231,74222-97-2,0.02,0.000974383667287357
LA SENSÉE À ETAING (62),1000274,2017,0.231,7439-97-6,0.01,0.000554753434951769
LA SENSÉE À ETAING (62),1000274,2017,0.231,7440-43-9,0.01,0.000205968117659737
LA SENSÉE À ETAING (62),1000274,2017,0.231,75-00-3,0.2,2.03343360093275e-05
LA SENSÉE À ETAING (62),1000274,2017,0.231,75-09-2,5,2.35380241628292e-05
LA SENSÉE À ETAING (62),1000274,2017,0.231,75-25-2,0.5,0.000309079360028996
LA SENSÉE À ETAING (62),1000274,2017,0.231,75-27-4,0.5,2.08338726110955e-05
LA SENSÉE À ETAING (62),1000274,2017,0.231,75-35-4,0.5,4.63094906548002e-05
LA SENSÉE À ETAING (62),1000274,2017,0.231,759-94-4,0.05,2.31990394991063e-05
LA SENSÉE À ETAING (62),1000274,2017,0.231,76578-12-6,0.05,3.28677522227448e-06
LA SENSÉE À ETAING (62),1000274,2017,0.231,76578-14-8,0.02,0.000181689569405355
LA SENSÉE À ETAING (62),1000274,2017,0.231,76674-21-0,0.02,6.78000471151234e-06
LA SENSÉE À ETAING (62),1000274,2017,0.231,76738-62-0,0.02,8.99145542603811e-06
LA SENSÉE À ETAING (62),1000274,2017,0.231,7696-12-0,0.005,0.00158843703532489
LA SENSÉE À ETAING (62),1000274,2017,0.231,7700-17-6,0.02,0.00163241281570987
LA SENSÉE À ETAING (62),1000274,2017,0.231,78-87-5,0.1,5.71741872917554e-06
LA SENSÉE À ETAING (62),1000274,2017,0.231,78-88-6,0.1,2.49976970217851e-06
LA SENSÉE À ETAING (62),1000274,2017,0.231,786-19-6,0.005,0.00238050996791157
LA SENSÉE À ETAING (62),1000274,2017,0.231,79-00-5,0.5,2.95304458740182e-05
LA SENSÉE À ETAING (62),1000274,2017,0.231,79-01-6,0.5,4.62562055626276e-05
LA SENSÉE À ETAING (62),1000274,2017,0.231,79-06-1,0.03,2.26162842930598e-06
LA SENSÉE À ETAING (62),1000274,2017,0.231,79-11-8,0.2,0.000252133176704889
LA SENSÉE À ETAING (62),1000274,2017,0.231,79-43-6,5,1.40919146563223e-05
LA SENSÉE À ETAING (62),1000274,2017,0.231,79241-46-6,0.05,0.000266176680304131
LA SENSÉE À ETAING (62),1000274,2017,0.231,80-09-1,0.1,3.70339469397536e-05
LA SENSÉE À ETAING (62),1000274,2017,0.231,80-33-1,0.005,2.50017267488489e-06
LA SENSÉE À ETAING (62),1000274,2017,0.231,80-38-6,0.005,8.68900414374688e-07
LA SENSÉE À ETAING (62),1000274,2017,0.231,8065-36-9,0.02,0.00969460225248732
LA SENSÉE À ETAING (62),1000274,2017,0.231,81-81-2,0.05,1.77120979130825e-05
LA SENSÉE À ETAING (62),1000274,2017,0.231,81334-34-1,0.02,1.24632123789167e-06
LA SENSÉE À ETAING (62),1000274,2017,0.231,82-68-8,0.01,0.000502458271496077
LA SENSÉE À ETAING (62),1000274,2017,0.231,82097-50-5,0.02,3.05302243471774e-05
LA SENSÉE À ETAING (62),1000274,2017,0.231,82558-50-7,0.02,1.92499672803504e-05
LA SENSÉE À ETAING (62),1000274,2017,0.231,83-32-9,0.005,5.53057141109039e-05
LA SENSÉE À ETAING (62),1000274,2017,0.231,83055-99-6,0.02,2.33630745972265e-06
LA SENSÉE À ETAING (62),1000274,2017,0.231,83657-22-1,0.005,3.24765587219381e-06
LA SENSÉE À ETAING (62),1000274,2017,0.231,84-65-1,0.04,0.00157202696536741
LA SENSÉE À ETAING (62),1000274,2017,0.231,84-66-2,0.05,5.1046974185384e-06
LA SENSÉE À ETAING (62),1000274,2017,0.231,84-69-5,0.5,0.00283445785761595
LA SENSÉE À ETAING (62),1000274,2017,0.231,84-74-2,0.1,0.000375404954472084
LA SENSÉE À ETAING (62),1000274,2017,0.231,84-75-3,0.1,0.00265094062109308
LA SENSÉE À ETAING (62),1000274,2017,0.231,84852-15-3,0.1,0.00211689832851074
LA SENSÉE À ETAING (62),1000274,2017,0.231,85-01-8,0.005,3.82886456170911e-05
LA SENSÉE À ETAING (62),1000274,2017,0.231,85-68-7,0.1,0.000681239779965915
LA SENSÉE À ETAING (62),1000274,2017,0.231,85507-79-5,40,0.0761132017727987
LA SENSÉE À ETAING (62),1000274,2017,0.231,85535-84-8,0.1,0.00203938865960861
LA SENSÉE À ETAING (62),1000274,2017,0.231,86-73-7,0.005,2.0733375075785e-05
LA SENSÉE À ETAING (62),1000274,2017,0.231,87-61-6,0.1,0.000543125257881112
LA SENSÉE À ETAING (62),1000274,2017,0.231,87-68-3,0.005,0.000122312263802564
LA SENSÉE À ETAING (62),1000274,2017,0.231,87130-20-9,0.02,2.07649072530663e-05
LA SENSÉE À ETAING (62),1000274,2017,0.231,87237-48-7,0.02,5.05393899875667e-05
LA SENSÉE À ETAING (62),1000274,2017,0.231,88-75-5,0.05,1.85981610580978e-05
LA SENSÉE À ETAING (62),1000274,2017,0.231,88283-41-4,0.01,3.48176936705534e-05
LA SENSÉE À ETAING (62),1000274,2017,0.231,90982-32-4,0.02,1.14611974810747e-05
LA SENSÉE À ETAING (62),1000274,2017,0.231,91-20-3,0.005,3.35791736466666e-06
LA SENSÉE À ETAING (62),1000274,2017,0.231,91-57-6,0.005,3.8200584175851e-05
LA SENSÉE À ETAING (62),1000274,2017,0.231,91-94-1,0.5,0.000477496293010718
LA SENSÉE À ETAING (62),1000274,2017,0.231,92-52-4,0.04,0.000158146648027251
LA SENSÉE À ETAING (62),1000274,2017,0.231,933-78-8,0.02,0.000105203453278141
LA SENSÉE À ETAING (62),1000274,2017,0.231,93697-74-6,0.02,1.78250187626749e-06
LA SENSÉE À ETAING (62),1000274,2017,0.231,94-13-3,0.01,9.39939714766781e-06
LA SENSÉE À ETAING (62),1000274,2017,0.231,94361-06-5,0.011,0.000132798351876836
LA SENSÉE À ETAING (62),1000274,2017,0.231,944-22-9,0.02,0.00281533445672453
LA SENSÉE À ETAING (62),1000274,2017,0.231,95-14-7,0.5,7.1543470637467e-05
LA SENSÉE À ETAING (62),1000274,2017,0.231,95-47-6,0.02,1.84514285430953e-05
LA SENSÉE À ETAING (62),1000274,2017,0.231,95-49-8,0.5,0.000324915181742119
LA SENSÉE À ETAING (62),1000274,2017,0.231,95-50-1,0.05,0.000105747474535382
LA SENSÉE À ETAING (62),1000274,2017,0.231,95-51-2,0.02,0.000277095833513345
LA SENSÉE À ETAING (62),1000274,2017,0.231,95-76-1,0.015,0.000179469750500855
LA SENSÉE À ETAING (62),1000274,2017,0.231,95-77-2,0.05,0.000209011414477016
LA SENSÉE À ETAING (62),1000274,2017,0.231,950-10-7,0.02,0.000502377286301916
LA SENSÉE À ETAING (62),1000274,2017,0.231,950-35-6,0.005,0.000151589808504273
LA SENSÉE À ETAING (62),1000274,2017,0.231,950-37-8,0.005,0.000104224544154864
LA SENSÉE À ETAING (62),1000274,2017,0.231,95465-99-9,0.02,0.000434640303879993
LA SENSÉE À ETAING (62),1000274,2017,0.231,95737-68-1,0.005,0.000462988287280623
LA SENSÉE À ETAING (62),1000274,2017,0.231,96-12-8,0.3,9.23041558127925e-05
LA SENSÉE À ETAING (62),1000274,2017,0.231,96-18-4,0.5,0.000147560461333319
LA SENSÉE À ETAING (62),1000274,2017,0.231,96182-53-5,0.02,0.00426118113508545
LA SENSÉE À ETAING (62),1000274,2017,0.231,97-23-4,0.05,2.81170662595175e-05
LA SENSÉE À ETAING (62),1000274,2017,0.231,97780-06-8,0.02,9.91585107812606e-06
LA SENSÉE À ETAING (62),1000274,2017,0.231,98-82-8,0.5,0.000557403901681921
LA SENSÉE À ETAING (62),1000274,2017,0.231,98-87-3,0.1,2.75422870333817e-05
LA SENSÉE À ETAING (62),1000274,2017,0.231,98-95-3,0.02,4.19981340752485e-06
LA SENSÉE À ETAING (62),1000274,2017,0.231,99-71-8,0.01,8.66363206507662e-05
LA SENSÉE À ETAING (62),1000274,2017,0.231,99-76-3,0.01,1.64210150829461e-06
LA SENSÉE À ETAING (62),1000274,2017,0.231,99607-70-2,0.005,5.73680389471264e-06
LA SENSÉE À ETAING (62),1000274,2021,0.183,101-21-3,0.006,1.26575965962671e-05
LA SENSÉE À ETAING (62),1000274,2021,0.183,1066-51-9,0.043,2.17654903424822e-06
LA SENSÉE À ETAING (62),1000274,2021,0.183,106700-29-2,0.02,0.000100329811354645
LA SENSÉE À ETAING (62),1000274,2021,0.183,107534-96-3,0.013,6.90626680774758e-05
LA SENSÉE À ETAING (62),1000274,2021,0.183,120-93-4,0.5,1.50269210383169e-06
LA SENSÉE À ETAING (62),1000274,2021,0.183,123-33-1,0.5,1.62506225943092e-05
LA SENSÉE À ETAING (62),1000274,2021,0.183,131807-57-3,0.1,0.0166916780721106
LA SENSÉE À ETAING (62),1000274,2021,0.183,133-07-3,0.05,0.000896334276182764
LA SENSÉE À ETAING (62),1000274,2021,0.183,14265-44-2,0.18,6.00029365198963e-05
LA SENSÉE À ETAING (62),1000274,2021,0.183,150114-71-9,0.1,3.87257644921617e-06
LA SENSÉE À ETAING (62),1000274,2021,0.183,15165-67-0,0.03,1.13506636536969e-06
LA SENSÉE À ETAING (62),1000274,2021,0.183,16484-77-8,0.02,5.19433548280402e-06
LA SENSÉE À ETAING (62),1000274,2021,0.183,173584-44-6,0.05,0.000271812862584203
LA SENSÉE À ETAING (62),1000274,2021,0.183,1912-26-1,0.02,8.73031664480332e-06
LA SENSÉE À ETAING (62),1000274,2021,0.183,21087-64-9,0.024,0.000359841494414535
LA SENSÉE À ETAING (62),1000274,2021,0.183,221667-31-8,0.02,8.69220570735186e-07
LA SENSÉE À ETAING (62),1000274,2021,0.183,239110-15-7,0.046,0.000121887124548432
LA SENSÉE À ETAING (62),1000274,2021,0.183,23950-58-5,0.008,1.12276789833694e-05
LA SENSÉE À ETAING (62),1000274,2021,0.183,2425-06-1,0.05,0.000708712355721404
LA SENSÉE À ETAING (62),1000274,2021,0.183,24579-73-5,0.057,2.12409949493848e-06
LA SENSÉE À ETAING (62),1000274,2021,0.183,25057-89-0,0.066,0.000230644942259745
LA SENSÉE À ETAING (62),1000274,2021,0.183,29385-43-1,0.011,2.81833546151191e-06
LA SENSÉE À ETAING (62),1000274,2021,0.183,30125-63-4,0.008,0.000923825587751566
LA SENSÉE À ETAING (62),1000274,2021,0.183,3060-89-7,0.024,5.47786394921641e-06
LA SENSÉE À ETAING (62),1000274,2021,0.183,36643-28-4,2e-04,0.00704092949778843
LA SENSÉE À ETAING (62),1000274,2021,0.183,374726-62-2,0.0219,3.74579594214599e-05
LA SENSÉE À ETAING (62),1000274,2021,0.183,39196-18-4,0.05,0.000218257916120083
LA SENSÉE À ETAING (62),1000274,2021,0.183,51218-45-2,0.046,0.000328365734656765
LA SENSÉE À ETAING (62),1000274,2021,0.183,527-20-8,0.02,0.002
LA SENSÉE À ETAING (62),1000274,2021,0.183,5915-41-3,0.026,0.000125364146414161
LA SENSÉE À ETAING (62),1000274,2021,0.183,658066-35-4,0.02,3.1998527657372e-05
LA SENSÉE À ETAING (62),1000274,2021,0.183,66441-23-4,0.05,0.000425471039493998
LA SENSÉE À ETAING (62),1000274,2021,0.183,67129-08-2,0.007,1.09900087959304e-05
LA SENSÉE À ETAING (62),1000274,2021,0.183,70630-17-0,0.1,1.36269919699487e-05
LA SENSÉE À ETAING (62),1000274,2021,0.183,74070-46-5,0.0211,0.00109315678650191
LA SENSÉE À ETAING (62),1000274,2021,0.183,81777-89-1,0.016,1.62039159810325e-05
LA SENSÉE À ETAING (62),1000274,2021,0.183,83164-33-4,0.02,0.000119682319012064
LA SENSÉE À ETAING (62),1000274,2021,0.183,874967-67-6,0.02,5.56583074770521e-05
LA SENSÉE À ETAING (62),1000274,2021,0.183,907204-31-3,0.02,3.01668522108096e-05
LA SENSÉE À ETAING (62),1000274,2021,0.183,919-86-8,0.01,3.09599321330917e-06
LA SENSÉE À ETAING (62),1000274,2021,0.183,93-72-1,0.05,6.64308798197901e-05
LA SENSÉE À ETAING (62),1000274,2021,0.183,94-74-6,0.023,3.04178025199417e-06
LA SENSÉE À ETAING (62),1000274,2021,0.183,96-45-7,0.5,8.15774271957605e-06
LA SENSÉE À ETAING (62),1000274,2019,0.236,105-67-9,0.1,0.00015999263828686
LA SENSÉE À ETAING (62),1000274,2019,0.236,106-44-5,0.5,0.000208338726110955
LA SENSÉE À ETAING (62),1000274,2019,0.236,106-48-9,0.075,0.000154796545079942
LA SENSÉE À ETAING (62),1000274,2019,0.236,108-39-4,0.5,0.000192739178832886
LA SENSÉE À ETAING (62),1000274,2019,0.236,108-43-0,0.1,9.10961452265913e-05
LA SENSÉE À ETAING (62),1000274,2019,0.236,14798-03-9,0.18,3.42982929233385e-06
LA SENSÉE À ETAING (62),1000274,2019,0.236,14816-18-3,0.005,4.7705670514099e-05
LA SENSÉE À ETAING (62),1000274,2019,0.236,1698-60-8,0.37,0.00105706507479597
LA SENSÉE À ETAING (62),1000274,2019,0.236,1918-11-2,0.05,1.58113883008419e-05
LA SENSÉE À ETAING (62),1000274,2019,0.236,2303-17-5,0.011,0.000181381373046592
LA SENSÉE À ETAING (62),1000274,2019,0.236,41394-05-2,0.42,1.96267906645234e-05
LA SENSÉE À ETAING (62),1000274,2019,0.236,52888-80-9,0.029,0.000393185956720106
LA SENSÉE À ETAING (62),1000274,2019,0.236,58-89-9,0.0054,0.000113865920096398
LA SENSÉE À ETAING (62),1000274,2019,0.236,61-82-5,0.03,4.43221944476884e-06
LA SENSÉE À ETAING (62),1000274,2019,0.236,90717-03-6,0.09,9.32271718124413e-06
LA SENSÉE À ETAING (62),1000274,2019,0.236,95-48-7,0.1,3.95913216728166e-05
LA SENSÉE À ETAING (62),1000274,2019,0.236,95-79-4,0.5,0.000128519789138443
LA SENSÉE À ETAING (62),1000274,2019,0.236,95-94-3,0.475,0.00145744981562466
LA SENSÉE À ETAING (62),1000274,2019,0.236,98-54-4,0.052,9.56540457755035e-05
LA SENSÉE À ETAING (62),1000274,2020,0.096,1071-83-6,0.17,5.93538536313597e-05
LA SENSÉE À ETAING (62),1000274,2020,0.096,110488-70-5,0.047,3.04577528270377e-05
LA SENSÉE À ETAING (62),1000274,2020,0.096,16887-00-6,43.3,0.000100043274094765
LA SENSÉE À ETAING (62),1000274,2020,0.096,3622-84-2,0.4,7.74212165591898e-05
LA SENSÉE À ETAING (62),1000274,2020,0.096,7439-92-1,0.06,0.000170118384705641
LA SENSÉE À ETAING (62),1000274,2020,0.096,7440-02-0,1.4,0.00583885964377412
LA SENSÉE À ETAING (62),1000274,2020,0.096,7440-38-2,0.54,0.00217868157102508
LA SENSÉE À ETAING (62),1000274,2020,0.096,7440-47-3,1.2,0.00155303500973998
LA SENSÉE À ETAING (62),1000274,2020,0.096,7440-50-8,0.56,0.0254676004040467
LA SENSÉE À ETAING (62),1000274,2020,0.096,7440-66-6,2.51,0.0304070103177221
LA SENSÉE À ETAING (62),1000274,2018,0.205,2008-58-4,0.025,8.22507768811764e-07
LA SENSÉE À ETAING (62),1000274,2018,0.205,2164-08-1,0.045,0.000111535344692739
LA SENSÉE À ETAING (62),1000274,2018,0.205,26225-79-6,0.027,6.7789708147085e-06
LA SENSÉE À ETAING (62),1000274,2018,0.205,7440-70-2,138,0.00431299630818641
LA SENSÉE À ETAING (62),1000274,2018,0.205,7723-14-0,0.105,0.00777301130016532
LA SENSÉE À ETAING (62),1000274,2018,0.205,80-05-7,0.177,0.00104225326997939
LA SLACK À RINXENT (62),1000477,2019,0.435,100-00-5,0.1,0.000123623205362496
LA SLACK À RINXENT (62),1000477,2019,0.435,100-44-7,0.1,7.08434984951506e-05
LA SLACK À RINXENT (62),1000477,2019,0.435,105-67-9,0.1,0.00015999263828686
LA SLACK À RINXENT (62),1000477,2019,0.435,106-48-9,0.075,0.000154796545079942
LA SLACK À RINXENT (62),1000477,2019,0.435,107534-96-3,0.05,0.00026562564645183
LA SLACK À RINXENT (62),1000477,2019,0.435,108-39-4,0.5,0.000192739178832886
LA SLACK À RINXENT (62),1000477,2019,0.435,108-43-0,0.1,9.10961452265913e-05
LA SLACK À RINXENT (62),1000477,2019,0.435,120068-37-3,0.012,0.00662340400064087
LA SLACK À RINXENT (62),1000477,2019,0.435,121-14-2,0.1,0.000174783326241822
LA SLACK À RINXENT (62),1000477,2019,0.435,121-73-3,0.05,0.000150997586020101
LA SLACK À RINXENT (62),1000477,2019,0.435,121552-61-2,0.011,0.000104614693057313
LA SLACK À RINXENT (62),1000477,2019,0.435,126-73-8,0.01,2.73400937850561e-06
LA SLACK À RINXENT (62),1000477,2019,0.435,131860-33-8,0.064,0.000846798293192557
LA SLACK À RINXENT (62),1000477,2019,0.435,135-19-3,0.1,0.000252929799644615
LA SLACK À RINXENT (62),1000477,2019,0.435,14816-18-3,0.005,4.7705670514099e-05
LA SLACK À RINXENT (62),1000477,2019,0.435,15307-86-5,0.024,0.000281067895381065
LA SLACK À RINXENT (62),1000477,2019,0.435,15687-27-1,0.078,0.00032493358539561
LA SLACK À RINXENT (62),1000477,2019,0.435,1698-60-8,0.2,0.00057138652691674
LA SLACK À RINXENT (62),1000477,2019,0.435,1702-17-6,0.2,2.975294748159e-05
LA SLACK À RINXENT (62),1000477,2019,0.435,188425-85-6,0.064,0.000176758364292819
LA SLACK À RINXENT (62),1000477,2019,0.435,1918-11-2,0.05,1.58113883008419e-05
LA SLACK À RINXENT (62),1000477,2019,0.435,2164-08-1,0.018,4.46141378770955e-05
LA SLACK À RINXENT (62),1000477,2019,0.435,25057-89-0,0.33,0.00115322471129872
LA SLACK À RINXENT (62),1000477,2019,0.435,26225-79-6,0.076,1.90815474784387e-05
LA SLACK À RINXENT (62),1000477,2019,0.435,29385-43-1,0.042,1.07609172166818e-05
LA SLACK À RINXENT (62),1000477,2019,0.435,30125-63-4,0.011,0.0012702601831584
LA SLACK À RINXENT (62),1000477,2019,0.435,3209-22-1,0.1,0.00029120578615297
LA SLACK À RINXENT (62),1000477,2019,0.435,40487-42-1,0.016,0.000300967764626993
LA SLACK À RINXENT (62),1000477,2019,0.435,51218-45-2,0.15,0.00107075783040249
LA SLACK À RINXENT (62),1000477,2019,0.435,52888-80-9,0.024,0.000325395274526984
LA SLACK À RINXENT (62),1000477,2019,0.435,576-24-9,0.25,0.000758123586832408
LA SLACK À RINXENT (62),1000477,2019,0.435,59-50-7,0.1,0.000222792209218491
LA SLACK À RINXENT (62),1000477,2019,0.435,5915-41-3,0.086,0.000414666022754531
LA SLACK À RINXENT (62),1000477,2019,0.435,606-20-2,0.1,6.65886177686128e-05
LA SLACK À RINXENT (62),1000477,2019,0.435,608-31-1,0.1,0.000587354093680082
LA SLACK À RINXENT (62),1000477,2019,0.435,61-82-5,0.03,4.43221944476884e-06
LA SLACK À RINXENT (62),1000477,2019,0.435,615-65-6,0.1,2.75422870333817e-06
LA SLACK À RINXENT (62),1000477,2019,0.435,618-62-2,0.1,0.000435110937092768
LA SLACK À RINXENT (62),1000477,2019,0.435,626-43-7,0.1,0.000237793511410135
LA SLACK À RINXENT (62),1000477,2019,0.435,634-66-2,0.1,0.000310098738853234
LA SLACK À RINXENT (62),1000477,2019,0.435,636-30-6,0.1,0.000342846720833313
LA SLACK À RINXENT (62),1000477,2019,0.435,74070-46-5,0.0222,0.00115014600285982
LA SLACK À RINXENT (62),1000477,2019,0.435,80-05-7,0.2,0.00117768731071118
LA SLACK À RINXENT (62),1000477,2019,0.435,80-09-1,1,0.000370339469397536
LA SLACK À RINXENT (62),1000477,2019,0.435,81777-89-1,0.01,1.01274474881453e-05
LA SLACK À RINXENT (62),1000477,2019,0.435,88-06-2,0.25,0.000161860176142204
LA SLACK À RINXENT (62),1000477,2019,0.435,88-73-3,0.1,3.89045144994281e-05
LA SLACK À RINXENT (62),1000477,2019,0.435,88-75-5,0.25,9.2990805290489e-05
LA SLACK À RINXENT (62),1000477,2019,0.435,89-61-2,0.1,0.000212666948723583
LA SLACK À RINXENT (62),1000477,2019,0.435,90-13-1,0.1,0.0007404572674509
LA SLACK À RINXENT (62),1000477,2019,0.435,90717-03-6,0.199,2.06135635451954e-05
LA SLACK À RINXENT (62),1000477,2019,0.435,91-94-1,2.5,0.00238748146505359
LA SLACK À RINXENT (62),1000477,2019,0.435,933-78-8,0.1,0.000526017266390706
LA SLACK À RINXENT (62),1000477,2019,0.435,94361-06-5,0.2,0.00241451548866975
LA SLACK À RINXENT (62),1000477,2019,0.435,95-48-7,0.1,3.95913216728166e-05
LA SLACK À RINXENT (62),1000477,2019,0.435,95-57-8,0.1,6.23447661105006e-05
LA SLACK À RINXENT (62),1000477,2019,0.435,95-74-9,0.5,0.000526586843564858
LA SLACK À RINXENT (62),1000477,2019,0.435,95-76-1,0.075,0.000897348752504275
LA SLACK À RINXENT (62),1000477,2019,0.435,95-77-2,0.25,0.00104505707238508
LA SLACK À RINXENT (62),1000477,2019,0.435,95-79-4,0.5,0.000128519789138443
LA SLACK À RINXENT (62),1000477,2019,0.435,95-94-3,0.475,0.00145744981562466
LA SLACK À RINXENT (62),1000477,2019,0.435,95-95-4,0.1,0.000442588372362626
LA SLACK À RINXENT (62),1000477,2019,0.435,97-00-7,0.5,0.0064323549901455
LA SLACK À RINXENT (62),1000477,2019,0.435,98-54-4,0.75,0.00137962566022361
LA SLACK À RINXENT (62),1000477,2019,0.435,98-87-3,0.5,0.000137711435166908
LA SLACK À RINXENT (62),1000477,2019,0.435,98-95-3,0.1,2.09990670376243e-05
LA SLACK À RINXENT (62),1000477,2019,0.435,99-54-7,0.1,0.000233292082556011
LA SLACK À RINXENT (62),1000477,2019,0.435,99-71-8,0.05,0.000433181603253831
LA SLACK À RINXENT (62),1000477,2019,0.435,99105-77-8,0.042,0.000756047863375565
LA SLACK À RINXENT (62),1000477,2019,0.435,99129-21-2,0.263,5.05773124703371e-05
LA SLACK À RINXENT (62),1000477,2017,0.518,100-41-4,0.5,0.000293136571676725
LA SLACK À RINXENT (62),1000477,2017,0.518,100-42-5,0.5,0.000282403454120838
LA SLACK À RINXENT (62),1000477,2017,0.518,1002-53-5,0.00039,0.000195013468641022
LA SLACK À RINXENT (62),1000477,2017,0.518,100784-20-1,0.02,0.000311336469055108
LA SLACK À RINXENT (62),1000477,2017,0.518,101-20-2,0.02,0.00176128645683613
LA SLACK À RINXENT (62),1000477,2017,0.518,101-42-8,0.02,1.85964478117076e-06
LA SLACK À RINXENT (62),1000477,2017,0.518,101007-06-1,0.005,0.000682291568294462
LA SLACK À RINXENT (62),1000477,2017,0.518,101200-48-0,0.02,0.000146970440438422
LA SLACK À RINXENT (62),1000477,2017,0.518,101205-02-1,0.05,4.71921761630257e-06
LA SLACK À RINXENT (62),1000477,2017,0.518,1014-70-6,0.02,0.000141003533370797
LA SLACK À RINXENT (62),1000477,2017,0.518,101463-69-8,0.02,0.139293225678778
LA SLACK À RINXENT (62),1000477,2017,0.518,1031-07-8,0.005,6.59128369278204e-06
LA SLACK À RINXENT (62),1000477,2017,0.518,103112-35-2,0.1,0.00196200450392565
LA SLACK À RINXENT (62),1000477,2017,0.518,104-40-5,0.09,0.00450860833362058
LA SLACK À RINXENT (62),1000477,2017,0.518,104206-82-8,0.195,4.48677830611093e-05
LA SLACK À RINXENT (62),1000477,2017,0.518,104653-34-1,0.02,0.00430655497622197
LA SLACK À RINXENT (62),1000477,2017,0.518,106-42-3,0.02,1.6516955384129e-05
LA SLACK À RINXENT (62),1000477,2017,0.518,106-43-4,0.5,0.000360719818962905
LA SLACK À RINXENT (62),1000477,2017,0.518,106-44-5,0.1,4.1667745222191e-05
LA SLACK À RINXENT (62),1000477,2017,0.518,106-46-7,0.05,6.11040511162528e-05
LA SLACK À RINXENT (62),1000477,2017,0.518,106-47-8,0.05,0.000455480726132957
LA SLACK À RINXENT (62),1000477,2017,0.518,1066-51-9,0.689,3.48754019673726e-05
LA SLACK À RINXENT (62),1000477,2017,0.518,107-05-1,0.1,5.95387894127685e-05
LA SLACK À RINXENT (62),1000477,2017,0.518,107-06-2,0.5,1.32669167619117e-05
LA SLACK À RINXENT (62),1000477,2017,0.518,1071-83-6,0.374,0.000130578477988991
LA SLACK À RINXENT (62),1000477,2017,0.518,108-38-3,0.02,2.05745334390736e-05
LA SLACK À RINXENT (62),1000477,2017,0.518,108-41-8,0.5,1.61796828464814e-05
LA SLACK À RINXENT (62),1000477,2017,0.518,108-42-9,0.05,0.000185297689608978
LA SLACK À RINXENT (62),1000477,2017,0.518,108-62-3,0.02,9.12704087842935e-07
LA SLACK À RINXENT (62),1000477,2017,0.518,108-70-3,0.1,0.000237684028662488
LA SLACK À RINXENT (62),1000477,2017,0.518,108-77-0,50,0.00102086897233476
LA SLACK À RINXENT (62),1000477,2017,0.518,108-88-3,0.5,0.000223187570302224
LA SLACK À RINXENT (62),1000477,2017,0.518,108-90-7,0.5,0.000134700747053183
LA SLACK À RINXENT (62),1000477,2017,0.518,109-89-7,10,0.00314340254173901
LA SLACK À RINXENT (62),1000477,2017,0.518,110235-47-7,0.005,3.6531710244801e-05
LA SLACK À RINXENT (62),1000477,2017,0.518,111479-05-1,0.02,0.000250339854606345
LA SLACK À RINXENT (62),1000477,2017,0.518,111988-49-9,0.03,0.000159816367296889
LA SLACK À RINXENT (62),1000477,2017,0.518,111991-09-4,0.123,2.99298893618064e-06
LA SLACK À RINXENT (62),1000477,2017,0.518,112143-82-5,0.02,0.000111977301057205
LA SLACK À RINXENT (62),1000477,2017,0.518,1129-41-5,0.02,1.8652197083486e-05
LA SLACK À RINXENT (62),1000477,2017,0.518,1134-23-2,0.02,3.31688180255512e-05
LA SLACK À RINXENT (62),1000477,2017,0.518,114-26-1,0.02,0.000125034538555137
LA SLACK À RINXENT (62),1000477,2017,0.518,116-29-0,0.005,3.3586906427369e-05
LA SLACK À RINXENT (62),1000477,2017,0.518,116255-48-2,0.02,0.000549072882844683
LA SLACK À RINXENT (62),1000477,2017,0.518,1163-19-5,0.005,0.15451477162568
LA SLACK À RINXENT (62),1000477,2017,0.518,117-18-0,0.01,0.00017725561442846
LA SLACK À RINXENT (62),1000477,2017,0.518,117-81-7,0.39,0.00151239282041711
LA SLACK À RINXENT (62),1000477,2017,0.518,117428-22-5,0.02,0.000289087954149186
LA SLACK À RINXENT (62),1000477,2017,0.518,119-06-2,40,1.7822145762692
LA SLACK À RINXENT (62),1000477,2017,0.518,119-12-0,0.02,3.71988912644515e-05
LA SLACK À RINXENT (62),1000477,2017,0.518,119168-77-3,0.005,0.000624554014616242
LA SLACK À RINXENT (62),1000477,2017,0.518,120-12-7,0.001,0.000535673299976301
LA SLACK À RINXENT (62),1000477,2017,0.518,120-47-8,0.01,4.10771212553388e-06
LA SLACK À RINXENT (62),1000477,2017,0.518,120-82-1,0.03,0.000128860928029466
LA SLACK À RINXENT (62),1000477,2017,0.518,120-83-2,0.04,0.000303500905632739
LA SLACK À RINXENT (62),1000477,2017,0.518,12002-48-1,0.1,0.000106757894509949
LA SLACK À RINXENT (62),1000477,2017,0.518,120923-37-7,0.02,0.00266642882570899
LA SLACK À RINXENT (62),1000477,2017,0.518,121776-33-8,0.02,8.28762316528558e-06
LA SLACK À RINXENT (62),1000477,2017,0.518,122-42-9,0.02,1.37066081025209e-05
LA SLACK À RINXENT (62),1000477,2017,0.518,122008-85-9,0.05,5.73020295568302e-05
LA SLACK À RINXENT (62),1000477,2017,0.518,1222-05-5,0.061,0.0007101168779404
LA SLACK À RINXENT (62),1000477,2017,0.518,123-91-1,2,2.42621897904184e-06
LA SLACK À RINXENT (62),1000477,2017,0.518,124-48-1,0.2,4.25431845472597e-05
LA SLACK À RINXENT (62),1000477,2017,0.518,126-99-8,0.5,0.000438702393978377
LA SLACK À RINXENT (62),1000477,2017,0.518,126801-58-9,0.02,2.82507508924551e-06
LA SLACK À RINXENT (62),1000477,2017,0.518,127-18-4,0.5,6.79626030211842e-05
LA SLACK À RINXENT (62),1000477,2017,0.518,129-00-0,0.011,0.00122318651669012
LA SLACK À RINXENT (62),1000477,2017,0.518,129630-19-9,0.02,0.0020875168786471
LA SLACK À RINXENT (62),1000477,2017,0.518,13067-93-1,0.02,0.00017219875043692
LA SLACK À RINXENT (62),1000477,2017,0.518,13071-79-9,0.005,0.00398538245295148
LA SLACK À RINXENT (62),1000477,2017,0.518,131-11-3,0.1,8.30041869715702e-06
LA SLACK À RINXENT (62),1000477,2017,0.518,13171-21-6,0.02,7.75586061752365e-05
LA SLACK À RINXENT (62),1000477,2017,0.518,131983-72-7,0.02,0.00021949771101979
LA SLACK À RINXENT (62),1000477,2017,0.518,132-66-1,0.03,2.19594396959942e-06
LA SLACK À RINXENT (62),1000477,2017,0.518,133-06-2,0.05,0.000911318117428884
LA SLACK À RINXENT (62),1000477,2017,0.518,1330-20-7,0.02,5.16333134340325e-06
LA SLACK À RINXENT (62),1000477,2017,0.518,13360-45-7,0.02,5.02145986274704e-05
LA SLACK À RINXENT (62),1000477,2017,0.518,13457-18-6,0.02,0.000144753807414906
LA SLACK À RINXENT (62),1000477,2017,0.518,135158-54-2,0.02,0.000137667046650798
LA SLACK À RINXENT (62),1000477,2017,0.518,135410-20-7,0.03,2.04654479381455e-05
LA SLACK À RINXENT (62),1000477,2017,0.518,13593-03-8,0.02,0.00056653924005618
LA SLACK À RINXENT (62),1000477,2017,0.518,136426-54-5,0.02,4.02374079029886e-05
LA SLACK À RINXENT (62),1000477,2017,0.518,137-26-8,0.1,0.0077374882051481
LA SLACK À RINXENT (62),1000477,2017,0.518,137-30-4,100,1.37784384335145
LA SLACK À RINXENT (62),1000477,2017,0.518,139-40-2,0.02,0.000303969490585696
LA SLACK À RINXENT (62),1000477,2017,0.518,139528-85-1,0.02,1.4322868204258e-05
LA SLACK À RINXENT (62),1000477,2017,0.518,139968-49-3,0.05,0.00187529676455557
LA SLACK À RINXENT (62),1000477,2017,0.518,140-66-9,0.03,0.000548556360071726
LA SLACK À RINXENT (62),1000477,2017,0.518,1401-69-0,0.1,0.000115691113213155
LA SLACK À RINXENT (62),1000477,2017,0.518,140923-17-7,0.02,6.50474080190595e-06
LA SLACK À RINXENT (62),1000477,2017,0.518,141-66-2,0.02,1.90033424951113e-05
LA SLACK À RINXENT (62),1000477,2017,0.518,14214-32-5,0.02,4.41804358188774e-05
LA SLACK À RINXENT (62),1000477,2017,0.518,14265-44-2,0.87,0.000290014193179499
LA SLACK À RINXENT (62),1000477,2017,0.518,143-50-0,0.05,0.00620826153796206
LA SLACK À RINXENT (62),1000477,2017,0.518,14484-64-1,10000,56.0531469646538
LA SLACK À RINXENT (62),1000477,2017,0.518,1461-25-2,0.00058,1.76046742539503e-05
LA SLACK À RINXENT (62),1000477,2017,0.518,150-68-5,0.02,5.95291930727455e-06
LA SLACK À RINXENT (62),1000477,2017,0.518,153233-91-1,0.005,0.00347672230912832
LA SLACK À RINXENT (62),1000477,2017,0.518,156-60-5,0.5,2.27284596792462e-05
LA SLACK À RINXENT (62),1000477,2017,0.518,156052-68-5,0.02,0.00137793901096227
LA SLACK À RINXENT (62),1000477,2017,0.518,15845-66-6,0.019,8.29380081256315e-09
LA SLACK À RINXENT (62),1000477,2017,0.518,1596-84-5,0.03,2.59490375632708e-06
LA SLACK À RINXENT (62),1000477,2017,0.518,1610-18-0,0.02,7.01503747905136e-06
LA SLACK À RINXENT (62),1000477,2017,0.518,1634-04-4,0.5,6.71537089897451e-06
LA SLACK À RINXENT (62),1000477,2017,0.518,1634-78-2,0.02,0.00466047299344493
LA SLACK À RINXENT (62),1000477,2017,0.518,163520-33-0,0.005,4.45112719005105e-05
LA SLACK À RINXENT (62),1000477,2017,0.518,1646-87-3,0.02,0.00465082497174676
LA SLACK À RINXENT (62),1000477,2017,0.518,1646-88-4,0.02,2.08992160527648e-05
LA SLACK À RINXENT (62),1000477,2017,0.518,16672-87-0,0.2,1.0686364801747e-05
LA SLACK À RINXENT (62),1000477,2017,0.518,17109-49-8,0.02,0.000287494801174872
LA SLACK À RINXENT (62),1000477,2017,0.518,173159-57-4,0.03,1.17657943899795e-05
LA SLACK À RINXENT (62),1000477,2017,0.518,178928-70-6,0.05,0.000303507903170522
LA SLACK À RINXENT (62),1000477,2017,0.518,1806-26-4,0.03,0.00118609986020438
LA SLACK À RINXENT (62),1000477,2017,0.518,18181-70-9,0.005,0.000352833655624179
LA SLACK À RINXENT (62),1000477,2017,0.518,18181-80-1,0.005,3.42192119959769e-05
LA SLACK À RINXENT (62),1000477,2017,0.518,1836-75-5,0.005,2.30765034039564e-05
LA SLACK À RINXENT (62),1000477,2017,0.518,1861-32-1,0.005,4.08667408989036e-06
LA SLACK À RINXENT (62),1000477,2017,0.518,18854-01-8,0.02,0.000662262242965182
LA SLACK À RINXENT (62),1000477,2017,0.518,19044-88-3,0.1,0.00286220014905119
LA SLACK À RINXENT (62),1000477,2017,0.518,191-24-2,0.0074,0.156254207208754
LA SLACK À RINXENT (62),1000477,2017,0.518,1918-02-1,0.03,1.23629255729199e-05
LA SLACK À RINXENT (62),1000477,2017,0.518,1918-13-4,0.01,2.43893373027891e-06
LA SLACK À RINXENT (62),1000477,2017,0.518,193-39-5,0.0062,0.00520105791171334
LA SLACK À RINXENT (62),1000477,2017,0.518,19480-43-4,0.005,2.23341796075482e-06
LA SLACK À RINXENT (62),1000477,2017,0.518,1967-16-4,0.05,2.96667522190002e-05
LA SLACK À RINXENT (62),1000477,2017,0.518,1982-47-4,0.02,6.3757311513918e-05
LA SLACK À RINXENT (62),1000477,2017,0.518,1982-49-6,0.02,1.22441881813651e-05
LA SLACK À RINXENT (62),1000477,2017,0.518,19937-59-8,0.02,1.72317742213228e-06
LA SLACK À RINXENT (62),1000477,2017,0.518,2008-41-5,0.02,2.14698987161047e-05
LA SLACK À RINXENT (62),1000477,2017,0.518,2008-58-4,0.005,1.64501553762353e-07
LA SLACK À RINXENT (62),1000477,2017,0.518,2032-59-9,0.02,0.000238083882269593
LA SLACK À RINXENT (62),1000477,2017,0.518,205-99-2,0.015,0.0202951029673794
LA SLACK À RINXENT (62),1000477,2017,0.518,206-44-0,0.016,0.000533727994659277
LA SLACK À RINXENT (62),1000477,2017,0.518,207-08-9,0.0047,0.00635913226311221
LA SLACK À RINXENT (62),1000477,2017,0.518,208-96-8,0.01,6.34307724208235e-05
LA SLACK À RINXENT (62),1000477,2017,0.518,2104-64-5,0.02,0.00248502061385802
LA SLACK À RINXENT (62),1000477,2017,0.518,210880-92-5,0.02,4.12125982654e-05
LA SLACK À RINXENT (62),1000477,2017,0.518,2163-69-1,0.02,4.08347588933906e-06
LA SLACK À RINXENT (62),1000477,2017,0.518,2164-17-2,0.02,6.08737414896242e-05
LA SLACK À RINXENT (62),1000477,2017,0.518,218-01-9,0.0085,6.72386407896221e-05
LA SLACK À RINXENT (62),1000477,2017,0.518,220899-03-6,0.005,4.61179510844123e-05
LA SLACK À RINXENT (62),1000477,2017,0.518,2212-67-1,0.005,9.43778336534264e-06
LA SLACK À RINXENT (62),1000477,2017,0.518,22224-92-6,0.02,0.00373705935451171
LA SLACK À RINXENT (62),1000477,2017,0.518,2275-23-2,0.02,3.60354538080504e-06
LA SLACK À RINXENT (62),1000477,2017,0.518,22781-23-3,0.02,0.000602878776855894
LA SLACK À RINXENT (62),1000477,2017,0.518,22936-75-0,0.02,3.74912564865676e-05
LA SLACK À RINXENT (62),1000477,2017,0.518,2303-16-4,0.05,7.32267912975129e-05
LA SLACK À RINXENT (62),1000477,2017,0.518,2303-17-5,0.006,9.893529438905e-05
LA SLACK À RINXENT (62),1000477,2017,0.518,23560-59-0,0.02,0.00142209953908469
LA SLACK À RINXENT (62),1000477,2017,0.518,23564-06-9,0.05,3.66581044513605e-06
LA SLACK À RINXENT (62),1000477,2017,0.518,24151-93-7,0.02,3.58864084343369e-05
LA SLACK À RINXENT (62),1000477,2017,0.518,2439-01-2,0.005,0.000112245775378479
LA SLACK À RINXENT (62),1000477,2017,0.518,25311-71-1,0.02,0.00100769706968461
LA SLACK À RINXENT (62),1000477,2017,0.518,25366-23-8,0.05,6.90192132301442e-07
LA SLACK À RINXENT (62),1000477,2017,0.518,2595-54-2,0.02,9.08929074419018e-05
LA SLACK À RINXENT (62),1000477,2017,0.518,2597-03-7,0.02,4.03301647078426e-05
LA SLACK À RINXENT (62),1000477,2017,0.518,26087-47-8,0.02,1.96892872796076e-05
LA SLACK À RINXENT (62),1000477,2017,0.518,2631-40-5,0.02,2.31969024238033e-05
LA SLACK À RINXENT (62),1000477,2017,0.518,26644-46-2,0.02,8.53159037603185e-07
LA SLACK À RINXENT (62),1000477,2017,0.518,2675-77-6,0.005,1.25190105187687e-05
LA SLACK À RINXENT (62),1000477,2017,0.518,2686-99-9,0.02,0.000785109071940218
LA SLACK À RINXENT (62),1000477,2017,0.518,28159-98-0,0.0025,0.0014479048027078
LA SLACK À RINXENT (62),1000477,2017,0.518,28249-77-6,0.05,0.00118295984874288
LA SLACK À RINXENT (62),1000477,2017,0.518,28434-01-7,0.005,0.0116968791892078
LA SLACK À RINXENT (62),1000477,2017,0.518,29450-45-1,0.005,4.31092040536351e-05
LA SLACK À RINXENT (62),1000477,2017,0.518,298-02-2,0.02,0.0804136907983826
LA SLACK À RINXENT (62),1000477,2017,0.518,299-86-5,0.02,1.11001793436729e-05
LA SLACK À RINXENT (62),1000477,2017,0.518,29973-13-5,0.02,2.46337197147271e-05
LA SLACK À RINXENT (62),1000477,2017,0.518,300-76-5,0.02,0.00490376890761903
LA SLACK À RINXENT (62),1000477,2017,0.518,30043-49-3,0.02,4.58173530553555e-07
LA SLACK À RINXENT (62),1000477,2017,0.518,311-45-5,0.02,0.0355328461640723
LA SLACK À RINXENT (62),1000477,2017,0.518,31218-83-4,0.005,0.000437491887613718
LA SLACK À RINXENT (62),1000477,2017,0.518,315-18-4,0.02,0.000297666523756851
LA SLACK À RINXENT (62),1000477,2017,0.518,31895-22-4,0.01,0.000391291127126853
LA SLACK À RINXENT (62),1000477,2017,0.518,32534-81-9,0.00015,4.70967847240923e-06
LA SLACK À RINXENT (62),1000477,2017,0.518,32598-13-3,6e-06,3.00020720986187e-06
LA SLACK À RINXENT (62),1000477,2017,0.518,33089-61-1,0.005,1.9519559125383e-05
LA SLACK À RINXENT (62),1000477,2017,0.518,3347-22-6,0.1,0.000335660316699933
LA SLACK À RINXENT (62),1000477,2017,0.518,335104-84-2,0.05,2.70688623941343e-05
LA SLACK À RINXENT (62),1000477,2017,0.518,3383-96-8,0.03,0.00303683540998534
LA SLACK À RINXENT (62),1000477,2017,0.518,34014-18-1,0.02,6.73178125898504e-05
LA SLACK À RINXENT (62),1000477,2017,0.518,34205-21-5,0.02,6.62262242965182e-05
LA SLACK À RINXENT (62),1000477,2017,0.518,35367-38-5,0.05,0.00205906475256926
LA SLACK À RINXENT (62),1000477,2017,0.518,35400-43-2,0.02,6.15077719762637e-05
LA SLACK À RINXENT (62),1000477,2017,0.518,35575-96-3,0.02,0.000172635455759963
LA SLACK À RINXENT (62),1000477,2017,0.518,35694-08-7,0.00025,0.00125008633744245
LA SLACK À RINXENT (62),1000477,2017,0.518,36335-67-8,0.02,6.72558391373561e-05
LA SLACK À RINXENT (62),1000477,2017,0.518,36734-19-7,0.03,0.000338704724638258
LA SLACK À RINXENT (62),1000477,2017,0.518,3689-24-5,0.02,0.0080487788662754
LA SLACK À RINXENT (62),1000477,2017,0.518,3766-81-2,0.02,0.000120511917214872
LA SLACK À RINXENT (62),1000477,2017,0.518,37680-65-2,0.005,0.000117211440765996
LA SLACK À RINXENT (62),1000477,2017,0.518,37764-25-3,0.03,2.12383735315241e-07
LA SLACK À RINXENT (62),1000477,2017,0.518,38260-54-7,0.02,0.000242510192114297
LA SLACK À RINXENT (62),1000477,2017,0.518,38380-07-3,0.001,0.000389941986676543
LA SLACK À RINXENT (62),1000477,2017,0.518,39300-45-3,0.05,0.00949445421050682
LA SLACK À RINXENT (62),1000477,2017,0.518,39515-41-8,0.005,0.175537538592415
LA SLACK À RINXENT (62),1000477,2017,0.518,39807-15-3,0.05,1.17508695304569e-05
LA SLACK À RINXENT (62),1000477,2017,0.518,41198-08-7,0.02,0.00155714837063999
LA SLACK À RINXENT (62),1000477,2017,0.518,41483-43-6,0.01,4.48332270432733e-05
LA SLACK À RINXENT (62),1000477,2017,0.518,4151-50-2,0.05,0.000386073510282257
LA SLACK À RINXENT (62),1000477,2017,0.518,41814-78-2,0.02,1.29249834499078e-05
LA SLACK À RINXENT (62),1000477,2017,0.518,422556-08-9,0.05,8.46583898755004e-05
LA SLACK À RINXENT (62),1000477,2017,0.518,42874-03-3,0.002,7.59154194005063e-05
LA SLACK À RINXENT (62),1000477,2017,0.518,43121-43-3,0.02,4.37149509737387e-05
LA SLACK À RINXENT (62),1000477,2017,0.518,4394-00-7,0.016,6.5180844448658e-06
LA SLACK À RINXENT (62),1000477,2017,0.518,4849-32-5,0.02,6.32455532033676e-07
LA SLACK À RINXENT (62),1000477,2017,0.518,50-32-8,0.00908,0.00275413895830103
LA SLACK À RINXENT (62),1000477,2017,0.518,50594-66-6,0.02,0.000194012626756791
LA SLACK À RINXENT (62),1000477,2017,0.518,51-03-6,0.005,1.83345394101849e-05
LA SLACK À RINXENT (62),1000477,2017,0.518,51146-55-5,0.178,3.16533734986928e-06
LA SLACK À RINXENT (62),1000477,2017,0.518,51218-49-6,0.005,0.000888116634144219
LA SLACK À RINXENT (62),1000477,2017,0.518,51276-47-2,0.05,8.75527928739389e-05
LA SLACK À RINXENT (62),1000477,2017,0.518,51707-55-2,0.02,5.36698023193598e-05
LA SLACK À RINXENT (62),1000477,2017,0.518,5234-68-4,0.02,1.78127099277398e-05
LA SLACK À RINXENT (62),1000477,2017,0.518,52645-53-1,0.01,0.0199434367425734
LA SLACK À RINXENT (62),1000477,2017,0.518,53-70-3,0.00157,0.0144045485736733
LA SLACK À RINXENT (62),1000477,2017,0.518,53250-83-2,0.1,3.31283648117282e-06
LA SLACK À RINXENT (62),1000477,2017,0.518,533-74-4,0.1,0.00107423673601543
LA SLACK À RINXENT (62),1000477,2017,0.518,534-52-1,0.02,1.79816688590361e-05
LA SLACK À RINXENT (62),1000477,2017,0.518,53780-34-0,0.02,4.79766583803898e-08
LA SLACK À RINXENT (62),1000477,2017,0.518,540-59-0,0.5,8.41918406343615e-05
LA SLACK À RINXENT (62),1000477,2017,0.518,541-73-1,0.1,6.03392628219306e-05
LA SLACK À RINXENT (62),1000477,2017,0.518,5436-43-1,0.00015,1.43248887903216e-08
LA SLACK À RINXENT (62),1000477,2017,0.518,55179-31-2,0.02,8.8885310868799e-05
LA SLACK À RINXENT (62),1000477,2017,0.518,55219-65-3,0.02,1.51331729573698e-05
LA SLACK À RINXENT (62),1000477,2017,0.518,55285-14-8,0.1,0.00841007754069233
LA SLACK À RINXENT (62),1000477,2017,0.518,55406-53-6,0.05,0.000826171110143061
LA SLACK À RINXENT (62),1000477,2017,0.518,55512-33-9,0.05,8.43664945312902e-05
